,0,1
0,37.7931662,-122.4126692
1,37.7595856,-122.4447334
2,37.755477125,-122.419411
3,37.7739385,-122.408592875
4,37.7646824,-122.4218646
5,37.7728866667,-122.415150667
6,37.7714837,-122.4133178
7,37.7710719,-122.4132774
8,37.7715452653,-122.413774184
9,37.7712823,-122.4130525
10,37.7728747,-122.4155502
11,37.7715668571,-122.413801286
12,37.7710782857,-122.412895429
13,37.7698085,-122.4118646
14,37.7711430612,-122.412976735
15,37.7719147,-122.414435489
16,37.770036,-122.413232
17,37.7681023061,-122.424183061
18,37.7686446458,-122.415196417
19,37.768267,-122.4186743
20,37.76826044,-122.42156992
21,37.7687774,-122.4151165
22,37.7678129,-122.4294528
23,37.7677938333,-122.429265667
24,37.7672525918,-122.406207224
25,37.7650124,-122.4224951
26,37.7648614,-122.4210767
27,37.7652315102,-122.41804898
28,37.7652266122,-122.418128776
29,37.7648508571,-122.421611571
30,37.7647708,-122.4224622
31,37.764916,-122.423275
32,37.7648954737,-122.423610789
33,37.764854,-122.424299
34,37.764786,-122.42269
35,37.765093,-122.420335
36,37.7662932,-122.3991413
37,37.764746913,-122.423342217
38,37.7648831579,-122.423812263
39,37.7652146,-122.4149816
40,37.7647684,-122.4229832
41,37.764764,-122.4227283
42,37.7648525714,-122.421583714
43,37.76491,-122.4244935
44,37.7648191795,-122.424881513
45,37.7649057368,-122.423442895
46,37.764981,-122.4223199
47,37.765068,-122.418025
48,37.7648565,-122.4249357
49,37.765062,-122.41812275
50,37.7657484898,-122.406741082
51,37.7647214783,-122.423758304
52,37.7649016316,-122.423510053
53,37.765011,-122.4225655
54,37.764877,-122.423913
55,37.7662932,-122.3991413
56,37.764871,-122.42128
57,37.7656126,-122.4133133
58,37.7648090637,-122.422309626
59,37.765074,-122.41792725
60,37.7650115714,-122.421697214
61,37.7648833333,-122.421081333
62,37.7662932,-122.3991413
63,37.7643689,-122.4333113
64,37.7641395,-122.432563
65,37.764301,-122.430719
66,37.7643459545,-122.429978318
67,37.764632,-122.403674
68,37.7617297,-122.447803
69,37.76391375,-122.416681724
70,37.76336,-122.422113667
71,37.762982,-122.428362
72,37.7627338889,-122.432401444
73,37.7617297,-122.447803
74,37.7617297,-122.447803
75,37.7626387755,-122.396918286
76,37.7626995714,-122.395911429
77,37.7624655714,-122.39705
78,37.762565,-122.395398
79,37.7624814694,-122.396794857
80,37.7624226,-122.397292
81,37.7624553,-122.3967111
82,37.7624672449,-122.397023143
83,37.7627036531,-122.39584449
84,37.7617819,-122.417965764
85,37.7614342,-122.4242174
86,37.7614599583,-122.424174833
87,37.7627858,-122.3930698
88,37.761703,-122.422903
89,37.7620139,-122.418868239
90,37.7621654,-122.4159718
91,37.7615584444,-122.425278
92,37.761642,-122.4211875
93,37.7609305,-122.4358978
94,37.760992,-122.43465725
95,37.7608739796,-122.436652673
96,37.7607732,-122.4354917
97,37.7607826531,-122.435410878
98,37.760852,-122.43424775
99,37.761006,-122.434427708
100,37.76093,-122.432941
101,37.7611238367,-122.432452102
102,37.7609248,-122.4359917
103,37.7607118571,-122.436589714
104,37.760732,-122.436261
105,37.7607436,-122.4359986
106,37.760872,-122.4369539
107,37.760848,-122.434313333
108,37.7607573265,-122.438552408
109,37.76102,-122.434198167
110,37.760892,-122.433574333
111,37.7608826122,-122.436511796
112,37.76101,-122.434362125
113,37.760882,-122.433741
114,37.7233839,-122.4752131
115,37.761672,-122.388887
116,37.7605522857,-122.410253571
117,37.7604279583,-122.414646625
118,37.760348,-122.418702417
119,37.7601192941,-122.419758
120,37.760348,-122.418702417
121,37.760356,-122.41857275
122,37.7603171,-122.4197671
123,37.7602611,-122.4207584
124,37.7599899,-122.420787669
125,37.7899027,-122.3979846
126,37.7901262,-122.3977905
127,37.7868886,-122.3941938
128,37.7606452,-122.388123
129,37.7606135838,-122.387886001
130,37.758527,-122.419439
131,37.7593644082,-122.408322673
132,37.7587423,-122.4156654
133,37.7589233,-122.411432327
134,37.759207,-122.410922
135,37.7584743158,-122.420306526
136,37.7592214,-122.4112428
137,37.7577226,-122.4094528
138,37.7575762,-122.4115976
139,37.7580168,-122.3889041
140,37.757862,-122.3892799
141,37.7580008,-122.390405039
142,37.75539975,-122.42061825
143,37.755389125,-122.420783875
144,37.7553195,-122.419295
145,37.7554534898,-122.41709702
146,37.75530675,-122.419495
147,37.75530675,-122.419495
148,37.7552947,-122.422915
149,37.75524425,-122.42046875
150,37.7554853,-122.4197295
151,37.755851,-122.41052
152,37.7554701429,-122.416825714
153,37.803323,-122.4008709
154,37.753722,-122.419133327
155,37.7532569,-122.4281653
156,37.7528949167,-122.408851542
157,37.7523429231,-122.418059769
158,37.752947,-122.407993
159,37.7530141291,-122.406935009
160,37.7523144,-122.4189202
161,37.75284625,-122.409658167
162,37.752758,-122.411126
163,37.752959,-122.407797
164,37.7519906,-122.4210513
165,37.752851125,-122.409579917
166,37.752761,-122.408336
167,37.752553,-122.414669333
168,37.752445,-122.41643
169,37.75268875,-122.409537833
170,37.752533,-122.414992667
171,37.752645,-122.413159
172,37.7522408,-122.4170624
173,37.7527485,-122.41128275
174,37.752497,-122.415596333
175,37.752604,-122.413809
176,37.7527483333,-122.408546333
177,37.7530124898,-122.40480598
178,37.752513,-122.415335
179,37.752809,-122.410277917
180,37.752925,-122.408352
181,37.7522295,-122.4202775
182,37.7530423549,-122.406569274
183,37.7523088,-122.419091
184,37.7527546667,-122.408441167
185,37.7522665,-122.41935275
186,37.7526736,-122.4124237
187,37.7526357692,-122.413289462
188,37.7524726,-122.41325972
189,37.752338,-122.415482333
190,37.7522237,-122.4203686
191,37.752357,-122.4143919
192,37.7521063,-122.4192216
193,37.75285925,-122.4094495
194,37.7530156735,-122.404752347
195,37.7513249796,-122.434990347
196,37.7511263265,-122.438136694
197,37.751516375,-122.429195625
198,37.7512004694,-122.43439102
199,37.7512732449,-122.433227939
200,37.7514279184,-122.430662653
201,37.7513266,-122.4315998
202,37.750933,-122.438622
203,37.75200165,-122.430905702
204,37.7511674,-122.4348427
205,37.7514343,-122.4300465
206,37.7517066,-122.4287879
207,37.7517362,-122.4283246
208,37.7515355,-122.4286976
209,37.7513195,-122.4321639
210,37.7512881224,-122.435532918
211,37.7514773,-122.4328788
212,37.7515084,-122.432083
213,37.7515697,-122.42798
214,37.7514264,-122.4301905
215,37.7516682,-122.4295254
216,37.7514698,-122.4331352
217,37.751274,-122.409141
218,37.748744125,-122.421426888
219,37.8055072,-122.4029513
220,37.744105,-122.421184833
221,37.7440923,-122.4220728
222,37.7875187353,-122.399035676
223,37.7867952,-122.3985043
224,37.78601325,-122.396924232
225,37.7882446,-122.400304
226,37.787437,-122.3988349
227,37.78877975,-122.401182456
228,37.7876271,-122.3990781
229,37.7868527,-122.3985477
230,37.7877283,-122.3992092
231,37.7875167,-122.3989363
232,37.7866932143,-122.398002429
233,37.7799172,-122.3900821
234,37.7804393023,-122.39016986
235,37.7826798265,-122.393265939
236,37.781889,-122.3923716
237,37.7826932041,-122.393282837
238,37.7826809898,-122.393267408
239,37.7809642,-122.391221
240,37.7825015,-122.3926612
241,37.786954,-122.3861454
242,37.7422496735,-122.422672327
243,37.7419989,-122.4266565
244,37.80790525,-122.404596291
245,37.80790525,-122.404596291
246,37.80790525,-122.404596291
247,37.80790525,-122.404596291
248,37.80790525,-122.404596291
249,37.80790525,-122.404596291
250,37.80790525,-122.404596291
251,37.8101274,-122.4104622
252,37.7860568,-122.4013647
253,37.7268552,-122.3935514
254,37.7872634,-122.4030937
255,37.7852231,-122.4004933
256,37.7848151,-122.3998805
257,37.786741,-122.4029599
258,37.7848151,-122.3998805
259,37.7872019,-122.4030039
260,37.7268552,-122.3935514
261,37.7268552,-122.3935514
262,37.7268552,-122.3935514
263,37.7268552,-122.3935514
264,37.7268552,-122.3935514
265,37.7268552,-122.3935514
266,37.758059,-122.3881583
267,37.7268552,-122.3935514
268,37.7836386,-122.3985219
269,37.7268552,-122.3935514
270,37.7268552,-122.3935514
271,37.7815091667,-122.395932
272,37.7577437,-122.3880817
273,37.7817322,-122.3961339
274,37.7268552,-122.3935514
275,37.7268552,-122.3935514
276,37.7814923,-122.3959108
277,37.7835366,-122.3988478
278,37.7268552,-122.3935514
279,37.7268552,-122.3935514
280,37.7814743,-122.3963268
281,37.7815344667,-122.3959638
282,37.7810244,-122.3952292
283,37.7268552,-122.3935514
284,37.7268552,-122.3935514
285,37.7268552,-122.3935514
286,37.7268552,-122.3935514
287,37.729538,-122.392379612
288,37.7294508,-122.392872382
289,37.7268552,-122.3935514
290,37.7268552,-122.3935514
291,37.7268552,-122.3935514
292,37.720954,-122.396475
293,37.7268552,-122.3935514
294,37.8094742,-122.4118508
295,37.7848759,-122.4049774
296,37.7840833,-122.4035146
297,37.7852861,-122.4055002
298,37.7815816,-122.4006211
299,37.7815816,-122.4006211
300,37.780937,-122.399652
301,37.7793474,-122.3980776
302,37.7776284,-122.3953629
303,37.7815816,-122.4006211
304,37.7815816,-122.4006211
305,37.7815816,-122.4006211
306,37.7815816,-122.4006211
307,37.780937,-122.399652
308,37.7815816,-122.4006211
309,37.7982801,-122.396344013
310,37.777165,-122.462828
311,37.7827407143,-122.463228531
312,37.777411,-122.462846
313,37.7814985,-122.4052118
314,37.7831178,-122.406818911
315,37.7831066,-122.406804822
316,37.7830978,-122.406624973
317,37.7835175,-122.406870543
318,37.7833640208,-122.407421938
319,37.78012125,-122.403060938
320,37.7759991875,-122.398187437
321,37.7819305,-122.4101661
322,37.7808184,-122.40872
323,37.7815847333,-122.409626467
324,37.7816221304,-122.409380565
325,37.777243,-122.403887
326,37.781741,-122.4098969
327,37.7815904783,-122.409340739
328,37.7814573333,-122.409466167
329,37.7809734,-122.40848
330,37.799444,-122.395525614
331,37.7784787,-122.4102703
332,37.7755328,-122.4065476
333,37.7786408,-122.4099039
334,37.78018185,-122.41200345
335,37.7824907143,-122.466641714
336,37.7825326122,-122.466437041
337,37.7830431224,-122.466472653
338,37.7771858,-122.4125863
339,37.77760805,-122.41423437
340,37.7771858,-122.4125863
341,37.77282065,-122.41000205
342,37.7750033,-122.4129675
343,37.7765323,-122.4148445
344,37.7738007963,-122.411800241
345,37.7737895,-122.4119007
346,37.7770061538,-122.415535256
347,37.785627,-122.429953
348,37.776518,-122.419331
349,37.7597072653,-122.411536347
350,37.7685532,-122.4023476
351,37.7114545,-122.4630218
352,37.7114545,-122.4630218
353,37.7114545,-122.4630218
354,37.763888,-122.4662957
355,37.775807125,-122.4583725
356,37.775368,-122.458341
357,37.822861,-122.371681
358,37.7984605102,-122.445835571
359,37.798354,-122.446011
360,37.7771327755,-122.464434041
361,37.7773406531,-122.463489245
362,37.7772982609,-122.464416261
363,37.7770936136,-122.465270841
364,37.777194,-122.463091
365,37.777146,-122.46416
366,37.7773455102,-122.463380816
367,37.7771835918,-122.463323347
368,37.7773413469,-122.463473755
369,37.7773399592,-122.463504735
370,37.7758382,-122.4974818
371,37.7759106,-122.4958033
372,37.775829,-122.496634286
373,37.7753732,-122.502122
374,37.7755575,-122.4979684
375,37.7758584,-122.4971746
376,37.7766692857,-122.478209571
377,37.7758261,-122.4976952
378,37.7758652,-122.4968733
379,37.7758315,-122.4976093
380,37.7758207,-122.4978443
381,37.7756224,-122.5025175
382,37.7755506,-122.4981603
383,37.7756264,-122.4965975
384,37.7759187,-122.4956148
385,37.7751835,-122.5060544
386,37.7765421429,-122.477392449
387,37.775622,-122.5022212
388,37.739942439,-122.404472806
389,37.798445,-122.401129
390,37.8006544,-122.4015726
391,37.8028673469,-122.402011122
392,37.795577931,-122.400540207
393,37.794684,-122.400366
394,37.7953178947,-122.400283105
395,37.7978743242,-122.401012808
396,37.7971743,-122.4007814
397,37.8060241579,-122.409678421
398,37.8055834286,-122.413214245
399,37.8055937143,-122.413131837
400,37.74495105,-122.403556334
401,37.7123055,-122.4024177
402,37.714074,-122.398993
403,37.7150003734,-122.399268285
404,37.80746725,-122.418359389
405,37.8068777755,-122.418136367
406,37.8074078571,-122.41523398
407,37.8074455714,-122.41493451
408,37.8073076939,-122.416031571
409,37.8069650204,-122.417452694
410,37.8076662857,-122.413182143
411,37.7911260625,-122.403634542
412,37.791083125,-122.403625417
413,37.7912405625,-122.403658875
414,37.7912119375,-122.403652792
415,37.7912978125,-122.403671042
416,37.791425,-122.4037619
417,37.805133,-122.4475598
418,37.7733106,-122.403243766
419,37.7749275455,-122.400684136
420,37.77958575,-122.39508475
421,37.7797679,-122.3945603
422,37.7781773,-122.3969698
423,37.77930125,-122.39569695
424,37.7695306,-122.4076422
425,37.7972516,-122.4112855
426,37.7979669,-122.4072144
427,37.7984546,-122.404286376
428,37.7979015,-122.405084142
429,37.7972516,-122.4112855
430,37.797983,-122.406393
431,37.7973254,-122.4099994
432,37.798189,-122.4029306
433,37.7982379583,-122.40439425
434,37.7972516,-122.4112855
435,37.7981283333,-122.405255
436,37.79790005,-122.405002295
437,37.7981147,-122.4056993
438,37.7982298333,-122.404458
439,37.7972516,-122.4112855
440,37.7972516,-122.4112855
441,37.7980599545,-122.404486818
442,37.7978182,-122.4059394
443,37.7978656,-122.4056908
444,37.7972516,-122.4112855
445,37.7972516,-122.4112855
446,37.7979621538,-122.405246923
447,37.7972516,-122.4112855
448,37.7964703,-122.4171936
449,37.7964703,-122.4171936
450,37.7731125918,-122.439022347
451,37.773070898,-122.439013837
452,37.773396,-122.439044
453,37.7830916,-122.3936199
454,37.7745227,-122.404229
455,37.7724056,-122.407513887
456,37.77230075,-122.40763044
457,37.7657945,-122.4106228
458,37.7830916,-122.3936199
459,37.7830916,-122.3936199
460,37.781039,-122.396345
461,37.7830916,-122.3936199
462,37.779645125,-122.397813938
463,37.7830916,-122.3936199
464,37.7830916,-122.3936199
465,37.7830916,-122.3936199
466,37.7543188,-122.4094388
467,37.7858284694,-122.429943551
468,37.7857146735,-122.429919878
469,37.7858839184,-122.429744469
470,37.7861765,-122.4297952
471,37.785700449,-122.429916918
472,37.7859280408,-122.429964265
473,37.7991787674,-122.432437256
474,37.800441,-122.432902
475,37.8035992245,-122.433542592
476,37.79553065,-122.393431444
477,37.7913527551,-122.400024449
478,37.7909258367,-122.40337802
479,37.7904653,-122.405042676
480,37.79019,-122.407887
481,37.7900315,-122.408339498
482,37.7902486,-122.4089739
483,37.7897732245,-122.411169837
484,37.7897418163,-122.411415224
485,37.7905795,-122.404679
486,37.7905372255,-122.405136203
487,37.79078245,-122.405233727
488,37.7898428,-122.4105883
489,37.7902372,-122.4073164
490,37.7859726,-122.4417452
491,37.7900347143,-122.409114429
492,37.7900803333,-122.410072667
493,37.7859726,-122.4417452
494,37.7895872,-122.4117955
495,37.7899247551,-122.411284633
496,37.7900069592,-122.409333204
497,37.7896859796,-122.411851469
498,37.7900803333,-122.410072667
499,37.7897557755,-122.411306163
500,37.7902413,-122.4072908
501,37.7905112,-122.4049319
502,37.789725,-122.4108999
503,37.7903161724,-122.408210207
504,37.7895968776,-122.412542388
505,37.7885206,-122.420709
506,37.7883280408,-122.423873061
507,37.7897493469,-122.412657735
508,37.7882826735,-122.42422751
509,37.7870271633,-122.434067224
510,37.7930209,-122.403039
511,37.791897,-122.410988
512,37.791508449,-122.412734633
513,37.7924905,-122.406285375
514,37.7913378,-122.412060446
515,37.7913926122,-122.413636408
516,37.7916237,-122.4104077
517,37.791935102,-122.409362694
518,37.7936491,-122.3965522
519,37.7936491,-122.3965522
520,37.7911616,-122.4171864
521,37.7909421,-122.4192203
522,37.7936491,-122.3965522
523,37.7909494,-122.4189315
524,37.7911209,-122.4176118
525,37.7908099,-122.420028
526,37.7933870204,-122.399218327
527,37.7933983469,-122.399129551
528,37.793362102,-122.399413633
529,37.7933756939,-122.399307102
530,37.7937119394,-122.396670424
531,37.7886459,-122.4345541
532,37.7878312653,-122.441644796
533,37.7936491,-122.3965522
534,37.7879017,-122.4406749
535,37.7936491,-122.3965522
536,37.7936491,-122.3965522
537,37.7878972,-122.4407138
538,37.7878927,-122.4407527
539,37.7936491,-122.3965522
540,37.7879107,-122.4405971
541,37.7878599,-122.4410644
542,37.7936491,-122.3965522
543,37.7936491,-122.3965522
544,37.7863032245,-122.453652163
545,37.7936491,-122.3965522
546,37.785224,-122.464324969
547,37.7936491,-122.3965522
548,37.7936491,-122.3965522
549,37.785175,-122.463812959
550,37.7936491,-122.3965522
551,37.7936491,-122.3965522
552,37.7936491,-122.3965522
553,37.7936491,-122.3965522
554,37.7841475,-122.4819636
555,37.7177057647,-122.474310647
556,37.7179072,-122.4741387
557,37.7176569,-122.4738932
558,37.7179776923,-122.474355615
559,37.788933,-122.4066606
560,37.763365,-122.418571
561,37.7659094,-122.4501493
562,37.7659452,-122.4496676
563,37.7658765,-122.4504311
564,37.7619126443,-122.435201545
565,37.7620988,-122.4353086
566,37.7620064351,-122.435210394
567,37.7617125,-122.4349405
568,37.7509901633,-122.434162061
569,37.7624007,-122.4349981
570,37.7605272,-122.4348269
571,37.7594068,-122.4347195
572,37.7596972,-122.4347473
573,37.7612906,-122.4352311
574,37.7614816,-122.4352494
575,37.751059102,-122.434169163
576,37.7603515,-122.43481
577,37.7628445,-122.4352155
578,37.760434,-122.4351489
579,37.761478,-122.434918
580,37.761018,-122.434909
581,37.7509841,-122.4341829
582,37.7606229,-122.4351671
583,37.7607716,-122.4351822
584,37.7615387,-122.4352549
585,37.7601489,-122.4351216
586,37.7511650204,-122.433971633
587,37.7597429,-122.4350827
588,37.774997,-122.4444307
589,37.7343968,-122.4337917
590,37.7345656,-122.4336486
591,37.7344218,-122.4336547
592,37.8008285217,-122.43681913
593,37.8005860351,-122.438724474
594,37.8006438,-122.4367037
595,37.7999597,-122.4421043
596,37.7999251,-122.4423764
597,37.800487551,-122.438186163
598,37.799938,-122.4422746
599,37.8001729,-122.4405521
600,37.800671,-122.438059
601,37.8005011837,-122.438079388
602,37.8008087391,-122.436975435
603,37.80026525,-122.439932083
604,37.8005918947,-122.438678579
605,37.8003603,-122.4390752
606,37.800252,-122.441347
607,37.800318,-122.44083
608,37.8002095,-122.4402623
609,37.800302,-122.439641
610,37.8006572,-122.4365952
611,37.8005743158,-122.438816263
612,37.8001841,-122.4404638
613,37.8001707959,-122.441986306
614,37.800420375,-122.440027458
615,37.8006714,-122.4364806
616,37.8005171,-122.4377254
617,37.800363,-122.44048
618,37.8000373,-122.4414944
619,37.8005932,-122.436778763
620,37.7999162,-122.4424458
621,37.7763295,-122.39183843
622,37.7718319,-122.3924539
623,37.7485992,-122.4269981
624,37.7668418478,-122.428782174
625,37.7659287551,-122.42869598
626,37.7490403,-122.4270582
627,37.7672111,-122.4288055
628,37.7681085,-122.42910725
629,37.7687849,-122.429266
630,37.7687313,-122.4292617
631,37.7668094674,-122.428779109
632,37.7670577174,-122.428802609
633,37.7671548587,-122.428811804
634,37.7667555,-122.428774
635,37.7518049,-122.4272969
636,37.7679043333,-122.429089167
637,37.7467734,-122.4271371
638,37.7423269,-122.4264131
639,37.7429854,-122.4267773
640,37.7435947,-122.426843
641,37.7434144,-122.4268309
642,37.7470314,-122.4268545
643,37.7424666,-122.4264206
644,37.7439905,-122.4265868
645,37.7439109,-122.4265815
646,37.7459366,-122.4270526
647,37.7431106,-122.4268041
648,37.7410561,-122.4649947
649,37.7904671,-122.4044147
650,37.7942376087,-122.405850978
651,37.7942202609,-122.405989348
652,37.7941417857,-122.406606214
653,37.7940933,-122.4070619
654,37.7943439,-122.4051278
655,37.7945049796,-122.403744367
656,37.7947110308,-122.403433615
657,37.7950448776,-122.400675082
658,37.7944732041,-122.403992327
659,37.7828855435,-122.463815565
660,37.7829213061,-122.466785633
661,37.7832052857,-122.460422082
662,37.783106,-122.4625924
663,37.7828870652,-122.463782348
664,37.7831,-122.459147
665,37.78309725,-122.4627829
666,37.7829134,-122.4625651
667,37.7827068571,-122.467887143
668,37.7830596,-122.4651656
669,37.7831528,-122.4625521
670,37.7829334444,-122.462766667
671,37.7830042,-122.460679
672,37.782877,-122.467791
673,37.7832017143,-122.460499633
674,37.78244605,-122.471208815
675,37.7831255,-122.4637115
676,37.7832445,-122.459574
677,37.7826484286,-122.469146143
678,37.7829590408,-122.465854633
679,37.782749898,-122.466944122
680,37.783092875,-122.46287815
681,37.7823301,-122.4758676
682,37.7828961957,-122.463583043
683,37.7829152449,-122.466924306
684,37.7831586667,-122.461440571
685,37.7826505714,-122.469099857
686,37.783089375,-122.46295435
687,37.7829939302,-122.461444605
688,37.782580898,-122.474338531
689,37.7829541429,-122.465978714
690,37.7826441429,-122.469238714
691,37.7828637755,-122.468071653
692,37.7825849,-122.4725385
693,37.782777,-122.469932
694,37.7829825349,-122.461692698
695,37.7829357778,-122.462715867
696,37.7830355714,-122.460534163
697,37.7828863043,-122.463798957
698,37.782857898,-122.468196388
699,37.7828317,-122.4707223
700,37.783099,-122.4627448
701,37.7828652449,-122.468040469
702,37.782821,-122.468973
703,37.7831436667,-122.461767143
704,37.7828231429,-122.468926714
705,37.7829268,-122.461040089
706,37.7815843571,-122.492600929
707,37.7821399184,-122.484213837
708,37.7815770714,-122.492754786
709,37.7820897143,-122.485253143
710,37.7815072,-122.4933009
711,37.782124,-122.4857279
712,37.781987,-122.483953
713,37.7822095714,-122.478811429
714,37.7819235102,-122.485286673
715,37.7820238571,-122.483101571
716,37.7815231,-122.4929562
717,37.7820664898,-122.481966918
718,37.7820816327,-122.485423755
719,37.7819832245,-122.484030449
720,37.7823782857,-122.478713714
721,37.7815231,-122.4928771
722,37.7815569706,-122.493191706
723,37.7820264694,-122.483039694
724,37.7819308571,-122.485131571
725,37.7820867755,-122.485315184
726,37.7819726531,-122.484247306
727,37.7819407,-122.4841785
728,37.782219,-122.478594
729,37.8165256667,-122.370657667
730,37.7657123,-122.4497847
731,37.7656628367,-122.449825327
732,37.7661202,-122.4498948
733,37.7652624,-122.4500189
734,37.7651552,-122.4499906
735,37.7651848,-122.4499978
736,37.7664554,-122.4502522
737,37.7657096,-122.4500546
738,37.7653081,-122.450031
739,37.7962103333,-122.404121667
740,37.7961374,-122.4044341
741,37.7961086,-122.4043809
742,37.7965539796,-122.40461798
743,37.7994755,-122.4088135
744,37.7940676939,-122.405003551
745,37.7941784082,-122.404073878
746,37.7941459592,-122.404350612
747,37.794011,-122.40409
748,37.7942834,-122.4018734
749,37.79427275,-122.4019565
750,37.7624058,-122.3976475
751,37.7626126,-122.3976493
752,37.7622934,-122.3973012
753,37.764943,-122.397829
754,37.7391232,-122.4160037
755,37.739234,-122.4174465
756,37.7390578571,-122.415616
757,37.7388251,-122.4140527
758,37.7390634286,-122.415674
759,37.7388914694,-122.415616143
760,37.7390134,-122.4149531
761,37.7390299,-122.4171534
762,37.739181,-122.416899667
763,37.7390736667,-122.417499083
764,37.739087,-122.417637
765,37.7393512857,-122.418372265
766,37.7389755102,-122.414407653
767,37.7390297755,-122.413735959
768,37.73925,-122.417612
769,37.7394614,-122.4186903
770,37.7390255306,-122.413787551
771,37.7390313673,-122.413716612
772,37.7884021,-122.412375203
773,37.7848716,-122.408824284
774,37.785482,-122.408812
775,37.7843371667,-122.408261667
776,37.7855768632,-122.408848445
777,37.7859449721,-122.408754107
778,37.796652551,-122.398031776
779,37.7474023,-122.4593355
780,37.7473235,-122.4594451
781,37.7472921,-122.4594867
782,37.7437153,-122.4394315
783,37.7516369184,-122.436241796
784,37.7515567755,-122.436233939
785,37.7341553,-122.4341304
786,37.734065625,-122.4341075
787,37.73406775,-122.433813537
788,37.7339905,-122.434184
789,37.734744,-122.433913
790,37.734696,-122.433928
791,37.7332298163,-122.434345367
792,37.7851244,-122.4400157
793,37.7864052449,-122.439954776
794,37.786321,-122.439938
795,37.77816195,-122.438698068
796,37.7778761,-122.4385689
797,37.7864728265,-122.440271745
798,37.786700102,-122.44001349
799,37.7850458,-122.4399787
800,37.7872097,-122.4404448
801,37.7867562653,-122.440024673
802,37.7860803,-122.4398626
803,37.7865737347,-122.439988327
804,37.7815187,-122.4391819
805,37.7711914,-122.4368848
806,37.7746278,-122.4379001
807,37.7755281,-122.437640904
808,37.7721197,-122.4370576
809,37.777497,-122.4379612
810,37.7748882,-122.4375951
811,37.7773892,-122.4384607
812,37.7757093,-122.4381296
813,37.774202,-122.437486
814,37.7720237,-122.4370471
815,37.773006,-122.4375956
816,37.7755565,-122.438059
817,37.7771532,-122.4384161
818,37.7724383,-122.43744
819,37.7743521,-122.4378506
820,37.7725044,-122.437001694
821,37.7744968571,-122.437540857
822,37.7755638673,-122.437752255
823,37.7761968,-122.4382375
824,37.775082,-122.4379845
825,37.7748079,-122.4379428
826,37.7743985714,-122.437522571
827,37.7714652,-122.4369326
828,37.7715549,-122.4369561
829,37.7751846,-122.4380035
830,37.7747414,-122.4379254
831,37.7745071,-122.4378692
832,37.7767623,-122.4379484
833,37.7775564,-122.4384901
834,37.7764572,-122.437912
835,37.7696757,-122.4023309
836,37.7699755,-122.4030008
837,37.7613601,-122.4258639
838,37.7631425,-122.4264616
839,37.7615757,-122.4258675
840,37.7437445,-122.4246215
841,37.7445388,-122.4242578
842,37.794788,-122.396523
843,37.7698197075,-122.421228973
844,37.7843131481,-122.410241696
845,37.7842248,-122.4094625
846,37.7841219807,-122.410440201
847,37.7842286,-122.4090954
848,37.7836579,-122.4157743
849,37.7829355,-122.4182259
850,37.7836721626,-122.415310405
851,37.7832987827,-122.418275311
852,37.783786,-122.414412
853,37.7857263,-122.4070666
854,37.7854683,-122.4090819
855,37.784763,-122.412917
856,37.784807121,-122.412587621
857,37.7854639,-122.4071524
858,37.785182,-122.409635
859,37.7851927,-122.4083667
860,37.7855168571,-122.408312714
861,37.7841997143,-122.417347286
862,37.7841113542,-122.418041729
863,37.7840222,-122.41735846
864,37.7839193878,-122.419578776
865,37.7842117755,-122.418565265
866,37.7842526735,-122.416940755
867,37.7689950687,-122.41955858
868,37.724945545,-122.460049555
869,37.7756552,-122.4263889
870,37.7761372,-122.4205043
871,37.7753422,-122.4262575
872,37.7761816939,-122.420315245
873,37.7900454737,-122.434174053
874,37.789015,-122.433967
875,37.78999,-122.433952629
876,37.78622,-122.433194
877,37.7854972245,-122.433047857
878,37.78571,-122.433301304
879,37.792607,-122.43448
880,37.784523,-122.433055
881,37.787593,-122.43368
882,37.788059,-122.433774
883,37.790296,-122.434014314
884,37.7898377,-122.4340429
885,37.7891411875,-122.433782125
886,37.7898377,-122.4340429
887,37.7898377,-122.4340429
888,37.7898377,-122.4340429
889,37.7898377,-122.4340429
890,37.7882333333,-122.433599
891,37.785286,-122.433005
892,37.7873439,-122.4336924
893,37.7873263333,-122.433416222
894,37.7882036667,-122.433593
895,37.79082,-122.43433
896,37.7898377,-122.4340429
897,37.7891993171,-122.434004024
898,37.7881607143,-122.433794571
899,37.783675,-122.4330127
900,37.7898377,-122.4340429
901,37.7892160732,-122.43400739
902,37.7876482,-122.4339428
903,37.7898377,-122.4340429
904,37.7878239231,-122.433516538
905,37.7898377,-122.4340429
906,37.7835278,-122.4329421
907,37.7898377,-122.4340429
908,37.7898377,-122.4340429
909,37.7898377,-122.4340429
910,37.7867142857,-122.433293286
911,37.7883641429,-122.433835714
912,37.7884077347,-122.433844531
913,37.7855676327,-122.433062143
914,37.7769247,-122.4318784
915,37.7719368,-122.4305252
916,37.771721,-122.4304609
917,37.7713538,-122.430128797
918,37.7718534,-122.4304887
919,37.7898377,-122.4340429
920,37.7898377,-122.4340429
921,37.7898377,-122.4340429
922,37.7898377,-122.4340429
923,37.7898377,-122.4340429
924,37.79842,-122.4359449
925,37.7898377,-122.4340429
926,37.8002057,-122.4359944
927,37.7898377,-122.4340429
928,37.7898377,-122.4340429
929,37.7898377,-122.4340429
930,37.7898377,-122.4340429
931,37.8005116,-122.436346
932,37.7898377,-122.4340429
933,37.808988,-122.416028
934,37.7601585,-122.4110871
935,37.7708545,-122.4152135
936,37.7760392,-122.4085284
937,37.7781579,-122.40583
938,37.7754205,-122.4093426
939,37.7714601111,-122.414329556
940,37.7900822,-122.3909794
941,37.7772189,-122.4074849
942,37.7753464,-122.4098784
943,37.7900822,-122.3909794
944,37.7718757,-122.4137833
945,37.7900822,-122.3909794
946,37.7686749,-122.4154253
947,37.777636,-122.4069518
948,37.771257,-122.414534
949,37.7763934,-122.408709158
950,37.7700737,-122.415159771
951,37.7900822,-122.3909794
952,37.7900822,-122.3909794
953,37.766838,-122.4155597
954,37.7761609,-122.4083621
955,37.7710876,-122.4150528
956,37.7757691,-122.408897
957,37.771744,-122.4144314
958,37.7840076,-122.3989338
959,37.7835642,-122.399041
960,37.78437885,-122.39779285
961,37.7900822,-122.3909794
962,37.7816446,-122.402060904
963,37.7900822,-122.3909794
964,37.7900822,-122.3909794
965,37.7900822,-122.3909794
966,37.7900822,-122.3909794
967,37.7900822,-122.3909794
968,37.7900822,-122.3909794
969,37.7900822,-122.3909794
970,37.7632805,-122.4155017
971,37.7588137,-122.4147623
972,37.7900822,-122.3909794
973,37.7227960258,-122.483841117
974,37.8046643673,-122.412926918
975,37.8044698,-122.414099912
976,37.7763008571,-122.421279
977,37.7748444,-122.421038
978,37.776735,-122.421362
979,37.7888808182,-122.423820333
980,37.7889582727,-122.423836333
981,37.7657304,-122.4572261
982,37.79051085,-122.39724275
983,37.7908283,-122.3974632
984,37.8012389797,-122.400272432
985,37.7940452353,-122.399026294
986,37.7939149,-122.398756
987,37.7788001633,-122.422282898
988,37.77691,-122.438414
989,37.7757795102,-122.445990306
990,37.7767898,-122.4377228
991,37.7757628,-122.4457491
992,37.7757651429,-122.446103286
993,37.7756308,-122.4469469
994,37.7812513,-122.4607468
995,37.7812513,-122.4607468
996,37.7812513,-122.4607468
997,37.7811626,-122.4549055
998,37.7792808,-122.4192362
999,37.7812513,-122.4607468
1000,37.782043,-122.449214
1001,37.7812623889,-122.455820411
1002,37.7812513,-122.4607468
1003,37.781261,-122.4558458
1004,37.7814975408,-122.457348929
1005,37.7812513,-122.4607468
1006,37.7812821633,-122.461651531
1007,37.7812474,-122.4636884
1008,37.7813371633,-122.46051998
1009,37.7815647207,-122.455774705
1010,37.7811022041,-122.459176755
1011,37.7812513,-122.4607468
1012,37.7813247,-122.4618686
1013,37.7813340612,-122.460581367
1014,37.7812513,-122.4607468
1015,37.7812513,-122.4607468
1016,37.7812946531,-122.461386122
1017,37.7812427,-122.4637667
1018,37.7819235,-122.4538461
1019,37.781090449,-122.459378061
1020,37.7812513,-122.4607468
1021,37.7809500816,-122.462387082
1022,37.7812513,-122.4607468
1023,37.7812513,-122.4607468
1024,37.7812513,-122.4607468
1025,37.781763,-122.454355
1026,37.7812513,-122.4607468
1027,37.7812513,-122.4607468
1028,37.7812513,-122.4607468
1029,37.7811657778,-122.457442333
1030,37.7812983265,-122.461308061
1031,37.7810875102,-122.459428388
1032,37.7812513,-122.4607468
1033,37.7809505306,-122.462371531
1034,37.7803231,-122.474790667
1035,37.7803796,-122.4744176
1036,37.7812513,-122.4607468
1037,37.7812513,-122.4607468
1038,37.7812513,-122.4607468
1039,37.7813515102,-122.460236061
1040,37.7813491837,-122.460282102
1041,37.781088,-122.45942
1042,37.7815529894,-122.455915445
1043,37.7810924082,-122.45934451
1044,37.7810992653,-122.459227082
1045,37.781271,-122.455663
1046,37.7815405102,-122.45346898
1047,37.7812513,-122.4607468
1048,37.7812513,-122.4607468
1049,37.7798423,-122.494577
1050,37.7805434,-122.4791329
1051,37.7812513,-122.4607468
1052,37.7812513,-122.4607468
1053,37.7812513,-122.4607468
1054,37.7812513,-122.4607468
1055,37.7812513,-122.4607468
1056,37.7812513,-122.4607468
1057,37.7812513,-122.4607468
1058,37.7812513,-122.4607468
1059,37.7812513,-122.4607468
1060,37.7812513,-122.4607468
1061,37.7812513,-122.4607468
1062,37.7812513,-122.4607468
1063,37.7812513,-122.4607468
1064,37.7801731,-122.4872442
1065,37.7812513,-122.4607468
1066,37.7812513,-122.4607468
1067,37.7812513,-122.4607468
1068,37.7812513,-122.4607468
1069,37.780656,-122.4765763
1070,37.7812513,-122.4607468
1071,37.7812513,-122.4607468
1072,37.7812513,-122.4607468
1073,37.7802406,-122.4856572
1074,37.7812513,-122.4607468
1075,37.7812513,-122.4607468
1076,37.7812513,-122.4607468
1077,37.7812513,-122.4607468
1078,37.7812513,-122.4607468
1079,37.7812513,-122.4607468
1080,37.7812513,-122.4607468
1081,37.7867203448,-122.412583345
1082,37.7870657,-122.4095756
1083,37.786841,-122.413336
1084,37.7871536,-122.4090793
1085,37.7870277521,-122.410174541
1086,37.7865951,-122.4134004
1087,37.787231,-122.4084061
1088,37.7867639,-122.407294
1089,37.7866698,-122.4145241
1090,37.7867111,-122.4124978
1091,37.7866568,-122.4146556
1092,37.7872027,-122.4105457
1093,37.78676795,-122.411144791
1094,37.7872056,-122.4085939
1095,37.7870044,-122.4099932
1096,37.78683175,-122.41060557
1097,37.78689436,-122.41253056
1098,37.7872321,-122.4101826
1099,37.7864948,-122.4142593
1100,37.787403551,-122.408533735
1101,37.7866496667,-122.414444333
1102,37.7873031,-122.4097097
1103,37.7871724169,-122.41034364
1104,37.7866582667,-122.414376633
1105,37.7871782,-122.4107003
1106,37.7868320526,-122.411707421
1107,37.7869139,-122.4129622
1108,37.7871167133,-122.410779534
1109,37.78683175,-122.41060557
1110,37.7872217,-122.4102818
1111,37.787952125,-122.40423125
1112,37.78653575,-122.416724279
1113,37.78623,-122.4179927
1114,37.7861199,-122.4189449
1115,37.7860605,-122.4175528
1116,37.7861198,-122.4171612
1117,37.7864063,-122.4149182
1118,37.7862780315,-122.417352921
1119,37.7862538397,-122.417543219
1120,37.7862918554,-122.41724418
1121,37.7864003,-122.4149657
1122,37.7862987674,-122.417189809
1123,37.7860732,-122.4176601
1124,37.786158,-122.4168984
1125,37.7859344694,-122.418746143
1126,37.7865056,-122.415922
1127,37.7686108,-122.3918381
1128,37.7745953,-122.4039702
1129,37.7968463,-122.4029263
1130,37.78177876,-122.4151826
1131,37.78181836,-122.4148736
1132,37.7815530229,-122.416968398
1133,37.7812388571,-122.419439388
1134,37.7817657,-122.4147016
1135,37.7810462857,-122.419637082
1136,37.7815580458,-122.416927796
1137,37.77466,-122.422629
1138,37.7793996,-122.4233432
1139,37.7753497347,-122.422770531
1140,37.7771181,-122.4231777
1141,37.7752096,-122.4227734
1142,37.774912,-122.422471
1143,37.776993,-122.423105
1144,37.7771219167,-122.423131833
1145,37.777458,-122.4232
1146,37.7752228776,-122.422744245
1147,37.7761628387,-122.422936516
1148,37.7746932353,-122.422635912
1149,37.7742283,-122.4223177
1150,37.787557931,-122.404894414
1151,37.7989408367,-122.407344429
1152,37.7353903,-122.5066727
1153,37.7977014286,-122.422463714
1154,37.7994328478,-122.410235184
1155,37.79973246,-122.408143492
1156,37.7998833,-122.4069895
1157,37.7996982,-122.4085574
1158,37.7997875,-122.40768986
1159,37.79977718,-122.407774916
1160,37.7997187,-122.4082569
1161,37.799705,-122.40836
1162,37.7998993,-122.4070902
1163,37.7994783,-122.4084161
1164,37.7995333,-122.4097651
1165,37.7996982,-122.4086347
1166,37.7996803,-122.4087026
1167,37.79972214,-122.408228548
1168,37.8032848966,-122.402301172
1169,37.7991883061,-122.434666449
1170,37.8019801,-122.4129814
1171,37.7776122,-122.423864756
1172,37.7780148367,-122.422236714
1173,37.778427,-122.418057
1174,37.7779637143,-122.422646
1175,37.7777921,-122.424171
1176,37.777753,-122.422996
1177,37.768083,-122.4245839
1178,37.76302135,-122.424156651
1179,37.755037,-122.423323
1180,37.7552542,-122.423357
1181,37.7476881,-122.4223835
1182,37.7518475,-122.4227162
1183,37.7460615205,-122.422445603
1184,37.754504,-122.42297
1185,37.7550231837,-122.423321612
1186,37.75464175,-122.4229835
1187,37.7614552,-122.4239451
1188,37.7700491224,-122.445952939
1189,37.7719291,-122.4311196
1190,37.7701142,-122.446172
1191,37.7722262449,-122.430161796
1192,37.769278,-122.452003
1193,37.770222102,-122.445907449
1194,37.7696093,-122.451041
1195,37.7718146,-122.4336331
1196,37.771413,-122.435093
1197,37.7693192041,-122.451678673
1198,37.7695394,-122.4516427
1199,37.7721559592,-122.430714286
1200,37.7695761,-122.4513417
1201,37.7696323333,-122.449222
1202,37.77042865,-122.445982766
1203,37.7721337,-122.4310148
1204,37.7718647,-122.4332635
1205,37.772102,-122.4314399
1206,37.7695111,-122.45261584
1207,37.772215,-122.428939
1208,37.7722641837,-122.429864347
1209,37.7718314,-122.4334489
1210,37.7692708571,-122.452058673
1211,37.7697883469,-122.447999408
1212,37.7720260816,-122.431734429
1213,37.7692181,-122.4522108
1214,37.7717904,-122.4338721
1215,37.7723366122,-122.42929649
1216,37.769736,-122.448409
1217,37.771998,-122.431955
1218,37.7694046,-122.4508832
1219,37.7692514,-122.451116777
1220,37.77217,-122.430604
1221,37.7699513469,-122.448032408
1222,37.7697974194,-122.449238677
1223,37.7720917,-122.429746
1224,37.7715719,-122.4338629
1225,37.772215898,-122.430242918
1226,37.7720366122,-122.431651714
1227,37.772156,-122.4308331
1228,37.7724266,-122.4292959
1229,37.7696028,-122.4487896
1230,37.7722262449,-122.430161796
1231,37.7701622245,-122.446378388
1232,37.7702420612,-122.445750469
1233,37.7693236122,-122.45164402
1234,37.7719305556,-122.431171444
1235,37.7697755161,-122.449410065
1236,37.772378,-122.428972
1237,37.7698930408,-122.447180224
1238,37.7719114444,-122.431321556
1239,37.7700790612,-122.445717469
1240,37.76972,-122.449846176
1241,37.7720787347,-122.431320857
1242,37.8046643673,-122.412926918
1243,37.8044698,-122.414099912
1244,37.7763008571,-122.421279
1245,37.7748444,-122.421038
1246,37.776735,-122.421362
1247,37.7888808182,-122.423820333
1248,37.7889582727,-122.423836333
1249,37.7657304,-122.4572261
1250,37.79051085,-122.39724275
1251,37.7908283,-122.3974632
1252,37.8012389797,-122.400272432
1253,37.7940452353,-122.399026294
1254,37.7939149,-122.398756
1255,37.77863535,-122.422196485
1256,37.77691,-122.438414
1257,37.7757795102,-122.445990306
1258,37.7767898,-122.4377228
1259,37.7757628,-122.4457491
1260,37.7757651429,-122.446103286
1261,37.7756308,-122.4469469
1262,37.7812513,-122.4607468
1263,37.7812513,-122.4607468
1264,37.7812513,-122.4607468
1265,37.7811626,-122.4549055
1266,37.7792808,-122.4192362
1267,37.7812513,-122.4607468
1268,37.782043,-122.449214
1269,37.7812623889,-122.455820411
1270,37.7812513,-122.4607468
1271,37.781261,-122.4558458
1272,37.7814975408,-122.457348929
1273,37.7812513,-122.4607468
1274,37.7812821633,-122.461651531
1275,37.7812474,-122.4636884
1276,37.7813371633,-122.46051998
1277,37.7815647207,-122.455774705
1278,37.7811022041,-122.459176755
1279,37.7812513,-122.4607468
1280,37.7813247,-122.4618686
1281,37.7813340612,-122.460581367
1282,37.7812513,-122.4607468
1283,37.7812513,-122.4607468
1284,37.7812946531,-122.461386122
1285,37.7812427,-122.4637667
1286,37.7819235,-122.4538461
1287,37.781090449,-122.459378061
1288,37.7812513,-122.4607468
1289,37.7809500816,-122.462387082
1290,37.7812513,-122.4607468
1291,37.7812513,-122.4607468
1292,37.7812513,-122.4607468
1293,37.781763,-122.454355
1294,37.7812513,-122.4607468
1295,37.7812513,-122.4607468
1296,37.7812513,-122.4607468
1297,37.7811657778,-122.457442333
1298,37.7812983265,-122.461308061
1299,37.7810875102,-122.459428388
1300,37.7812513,-122.4607468
1301,37.7809505306,-122.462371531
1302,37.7803231,-122.474790667
1303,37.7803796,-122.4744176
1304,37.7812513,-122.4607468
1305,37.7812513,-122.4607468
1306,37.7812513,-122.4607468
1307,37.7813515102,-122.460236061
1308,37.7813491837,-122.460282102
1309,37.781088,-122.45942
1310,37.7815529894,-122.455915445
1311,37.7810924082,-122.45934451
1312,37.7810992653,-122.459227082
1313,37.781271,-122.455663
1314,37.7815405102,-122.45346898
1315,37.7812513,-122.4607468
1316,37.7812513,-122.4607468
1317,37.7798423,-122.494577
1318,37.7805434,-122.4791329
1319,37.7812513,-122.4607468
1320,37.7812513,-122.4607468
1321,37.7812513,-122.4607468
1322,37.7812513,-122.4607468
1323,37.7812513,-122.4607468
1324,37.7812513,-122.4607468
1325,37.7812513,-122.4607468
1326,37.7812513,-122.4607468
1327,37.7812513,-122.4607468
1328,37.7812513,-122.4607468
1329,37.7812513,-122.4607468
1330,37.7812513,-122.4607468
1331,37.7812513,-122.4607468
1332,37.7801731,-122.4872442
1333,37.7812513,-122.4607468
1334,37.7812513,-122.4607468
1335,37.7812513,-122.4607468
1336,37.7812513,-122.4607468
1337,37.780656,-122.4765763
1338,37.7812513,-122.4607468
1339,37.7812513,-122.4607468
1340,37.7812513,-122.4607468
1341,37.7802406,-122.4856572
1342,37.7812513,-122.4607468
1343,37.7812513,-122.4607468
1344,37.7812513,-122.4607468
1345,37.7812513,-122.4607468
1346,37.7812513,-122.4607468
1347,37.7812513,-122.4607468
1348,37.7812513,-122.4607468
1349,37.7867203448,-122.412583345
1350,37.7870657,-122.4095756
1351,37.786841,-122.413336
1352,37.7871536,-122.4090793
1353,37.7870277521,-122.410174541
1354,37.7865951,-122.4134004
1355,37.787231,-122.4084061
1356,37.7867639,-122.407294
1357,37.7866698,-122.4145241
1358,37.7867111,-122.4124978
1359,37.7866568,-122.4146556
1360,37.7872027,-122.4105457
1361,37.78676795,-122.411144791
1362,37.7872056,-122.4085939
1363,37.7870044,-122.4099932
1364,37.78683175,-122.41060557
1365,37.78689436,-122.41253056
1366,37.7872321,-122.4101826
1367,37.7864948,-122.4142593
1368,37.787403551,-122.408533735
1369,37.7866496667,-122.414444333
1370,37.7873031,-122.4097097
1371,37.7871724169,-122.41034364
1372,37.7866582667,-122.414376633
1373,37.7871782,-122.4107003
1374,37.7868320526,-122.411707421
1375,37.7869139,-122.4129622
1376,37.7871167133,-122.410779534
1377,37.78683175,-122.41060557
1378,37.7872217,-122.4102818
1379,37.787952125,-122.40423125
1380,37.78653575,-122.416724279
1381,37.78623,-122.4179927
1382,37.7861199,-122.4189449
1383,37.7860605,-122.4175528
1384,37.7861198,-122.4171612
1385,37.7864063,-122.4149182
1386,37.7862780315,-122.417352921
1387,37.7862538397,-122.417543219
1388,37.7862918554,-122.41724418
1389,37.7864003,-122.4149657
1390,37.7862987674,-122.417189809
1391,37.7860732,-122.4176601
1392,37.786158,-122.4168984
1393,37.7859344694,-122.418746143
1394,37.7865056,-122.415922
1395,37.7686108,-122.3918381
1396,37.7745953,-122.4039702
1397,37.7968463,-122.4029263
1398,37.78177876,-122.4151826
1399,37.78181836,-122.4148736
1400,37.7815530229,-122.416968398
1401,37.7812388571,-122.419439388
1402,37.7817657,-122.4147016
1403,37.7810462857,-122.419637082
1404,37.7815580458,-122.416927796
1405,37.77466,-122.422629
1406,37.7793996,-122.4233432
1407,37.7753497347,-122.422770531
1408,37.7771181,-122.4231777
1409,37.7752096,-122.4227734
1410,37.774912,-122.422471
1411,37.776993,-122.423105
1412,37.7771219167,-122.423131833
1413,37.777458,-122.4232
1414,37.7752228776,-122.422744245
1415,37.7761628387,-122.422936516
1416,37.7746932353,-122.422635912
1417,37.7742283,-122.4223177
1418,37.787557931,-122.404894414
1419,37.7989408367,-122.407344429
1420,37.7353903,-122.5066727
1421,37.7977014286,-122.422463714
1422,37.7994328478,-122.410235184
1423,37.79973246,-122.408143492
1424,37.7998833,-122.4069895
1425,37.7996982,-122.4085574
1426,37.7997875,-122.40768986
1427,37.79977718,-122.407774916
1428,37.7997187,-122.4082569
1429,37.799705,-122.40836
1430,37.7998993,-122.4070902
1431,37.7994783,-122.4084161
1432,37.7995333,-122.4097651
1433,37.7996982,-122.4086347
1434,37.7996803,-122.4087026
1435,37.79972214,-122.408228548
1436,37.8032848966,-122.402301172
1437,37.7991883061,-122.434666449
1438,37.8019801,-122.4129814
1439,37.7776122,-122.423864756
1440,37.7780148367,-122.422236714
1441,37.778427,-122.418057
1442,37.7779637143,-122.422646
1443,37.7777921,-122.424171
1444,37.777753,-122.422996
1445,37.768083,-122.4245839
1446,37.76302135,-122.424156651
1447,37.755037,-122.423323
1448,37.7552542,-122.423357
1449,37.7476881,-122.4223835
1450,37.7518475,-122.4227162
1451,37.7460615205,-122.422445603
1452,37.754504,-122.42297
1453,37.7550231837,-122.423321612
1454,37.75464175,-122.4229835
1455,37.7614552,-122.4239451
1456,37.7700491224,-122.445952939
1457,37.7719291,-122.4311196
1458,37.7701142,-122.446172
1459,37.7722262449,-122.430161796
1460,37.769278,-122.452003
1461,37.770222102,-122.445907449
1462,37.7696093,-122.451041
1463,37.7718146,-122.4336331
1464,37.771413,-122.435093
1465,37.7693192041,-122.451678673
1466,37.7695394,-122.4516427
1467,37.7721559592,-122.430714286
1468,37.7695761,-122.4513417
1469,37.7696323333,-122.449222
1470,37.77042865,-122.445982766
1471,37.7721337,-122.4310148
1472,37.7718647,-122.4332635
1473,37.772102,-122.4314399
1474,37.7695111,-122.45261584
1475,37.772215,-122.428939
1476,37.7722641837,-122.429864347
1477,37.7718314,-122.4334489
1478,37.7692708571,-122.452058673
1479,37.7697883469,-122.447999408
1480,37.7720260816,-122.431734429
1481,37.7692181,-122.4522108
1482,37.7717904,-122.4338721
1483,37.7723366122,-122.42929649
1484,37.769736,-122.448409
1485,37.771998,-122.431955
1486,37.7694046,-122.4508832
1487,37.7692514,-122.451116777
1488,37.77217,-122.430604
1489,37.7699513469,-122.448032408
1490,37.7697974194,-122.449238677
1491,37.7720917,-122.429746
1492,37.7715719,-122.4338629
1493,37.772215898,-122.430242918
1494,37.7720366122,-122.431651714
1495,37.772156,-122.4308331
1496,37.7724266,-122.4292959
1497,37.7696028,-122.4487896
1498,37.7722262449,-122.430161796
1499,37.7701622245,-122.446378388
1500,37.7702420612,-122.445750469
1501,37.7693236122,-122.45164402
1502,37.7719305556,-122.431171444
1503,37.7697755161,-122.449410065
1504,37.772378,-122.428972
1505,37.7698930408,-122.447180224
1506,37.7719114444,-122.431321556
1507,37.7700790612,-122.445717469
1508,37.76972,-122.449846176
1509,37.7720787347,-122.431320857
1510,37.784554,-122.407736
1511,37.7904377,-122.4034528
1512,37.7216512,-122.489085912
1513,37.7753300408,-122.402874408
1514,37.7895545,-122.3885336
1515,37.7895545,-122.3885336
1516,37.7855113,-122.3934088
1517,37.7821751,-122.3976308
1518,37.7778613,-122.4028905
1519,37.7817837,-122.3987249
1520,37.781512,-122.3989874
1521,37.7895545,-122.3885336
1522,37.7895545,-122.3885336
1523,37.7895545,-122.3885336
1524,37.758911,-122.412386
1525,37.75595,-122.412313
1526,37.7639653,-122.4127877
1527,37.75595,-122.412313
1528,37.758899,-122.412593
1529,37.7854624,-122.3990797
1530,37.7771118571,-122.421828163
1531,37.7767913,-122.4227981
1532,37.7769918571,-122.422785306
1533,37.777009,-122.422648571
1534,37.7765368,-122.4249021
1535,37.7768392,-122.4224631
1536,37.7775902,-122.4174763
1537,37.7769407,-122.4216558
1538,37.7775902,-122.4174763
1539,37.776403,-122.425796
1540,37.7775902,-122.4174763
1541,37.7765450816,-122.424977633
1542,37.7764334082,-122.425848163
1543,37.7767411224,-122.423442673
1544,37.7765452,-122.4247824
1545,37.776363,-122.4264
1546,37.7767784,-122.4248009
1547,37.7775902,-122.4174763
1548,37.7732609388,-122.450749265
1549,37.7734516939,-122.450563327
1550,37.774516,-122.4137689
1551,37.774516,-122.4137689
1552,37.774516,-122.4137689
1553,37.7841353878,-122.401452694
1554,37.7849122778,-122.400764167
1555,37.78191265,-122.404768365
1556,37.7807517,-122.4057006
1557,37.774516,-122.4137689
1558,37.771578,-122.416869
1559,37.7842301,-122.4020699
1560,37.7724907,-122.4164856
1561,37.7717782,-122.4167144
1562,37.7770533,-122.411002788
1563,37.774689,-122.4133029
1564,37.785543,-122.3995119
1565,37.7857068,-122.399349
1566,37.7896754286,-122.394740286
1567,37.785916,-122.3995629
1568,37.7871446,-122.3975675
1569,37.7878534,-122.3971766
1570,37.785818,-122.3997229
1571,37.7871563,-122.397508
1572,37.7874656,-122.3971771
1573,37.788007,-122.39611822
1574,37.7891876,-122.395855246
1575,37.7828957987,-122.415651555
1576,37.798606,-122.419034
1577,37.7908937,-122.4172478
1578,37.7993326,-122.4189484
1579,37.8059706327,-122.42052498
1580,37.7947292769,-122.41824992
1581,37.8062822245,-122.420588735
1582,37.7948091922,-122.4182663
1583,37.7983747,-122.4190325
1584,37.79904225,-122.41891225
1585,37.7945854,-122.4181034
1586,37.7896984694,-122.417240449
1587,37.7885163333,-122.417001
1588,37.798649,-122.41881
1589,37.7981431,-122.4187011
1590,37.7904591837,-122.417182918
1591,37.7907646,-122.417196747
1592,37.7988227,-122.419215854
1593,37.7950351802,-122.418101263
1594,37.765757,-122.387945
1595,37.7667525102,-122.38804051
1596,37.725838,-122.386806
1597,37.7304631224,-122.372871367
1598,37.7632314,-122.4818732
1599,37.7634753,-122.4820014
1600,37.7635303,-122.4808416
1601,37.7640623,-122.4633693
1602,37.7639782,-122.4647132
1603,37.7638036,-122.4688081
1604,37.763415,-122.4776234
1605,37.7635747,-122.479804
1606,37.7642397,-122.4651084
1607,37.7639974,-122.4643911
1608,37.7642173,-122.4654693
1609,37.7642134,-122.465591
1610,37.763282,-122.4808104
1611,37.7636832,-122.4776465
1612,37.7638894,-122.4671131
1613,37.7635627,-122.4743914
1614,37.7636862,-122.4775777
1615,37.7640349,-122.4638578
1616,37.7642843,-122.4637058
1617,37.7640438,-122.4637109
1618,37.7643709,-122.464696067
1619,37.7634719,-122.48223
1620,37.76422305,-122.467054201
1621,37.7638519,-122.4676652
1622,37.7639286,-122.4659399
1623,37.7638256,-122.4740797
1624,37.7638838,-122.4672504
1625,37.7636719,-122.468986124
1626,37.7636372,-122.4785511
1627,37.76408925,-122.471166459
1628,37.76408925,-122.471166459
1629,37.7634848,-122.483036727
1630,37.7639038,-122.4726645
1631,37.7641408,-122.4671348
1632,37.763795,-122.4690599
1633,37.764088,-122.4623666
1634,37.7641065,-122.469063291
1635,37.7641516,-122.4668085
1636,37.763984898,-122.465626122
1637,37.763245,-122.4812585
1638,37.7637663,-122.4756476
1639,37.76306625,-122.483101153
1640,37.764356,-122.4624419
1641,37.7635542041,-122.475428918
1642,37.7641468776,-122.465683347
1643,37.7638125,-122.4743674
1644,37.7636088,-122.4788962
1645,37.7772271837,-122.423373837
1646,37.794628,-122.418282
1647,37.7959745,-122.4071022
1648,37.7969122,-122.4005283
1649,37.795941,-122.4059365
1650,37.7962645,-122.405381667
1651,37.7964526327,-122.403877592
1652,37.7959693,-122.4065029
1653,37.79637575,-122.405664538
1654,37.796188,-122.406007067
1655,37.7961536429,-122.406286
1656,37.796479,-122.403667
1657,37.7960077,-122.4060507
1658,37.79609315,-122.4054252
1659,37.7961858132,-122.404679495
1660,37.79606,-122.405693
1661,37.795299,-122.413051
1662,37.8082775,-122.4153637
1663,37.8082775,-122.4153637
1664,37.8081258,-122.41790132
1665,37.8080408163,-122.416539837
1666,37.8083885,-122.415082688
1667,37.808047,-122.417835
1668,37.8082102857,-122.415170224
1669,37.808097,-122.4180939
1670,37.8079874167,-122.418299167
1671,37.7433156864,-122.397477738
1672,37.7388390503,-122.389678093
1673,37.7821378571,-122.408448714
1674,37.790004,-122.398592267
1675,37.785655,-122.413048
1676,37.7870952,-122.4128806
1677,37.785513,-122.4130768
1678,37.7861501765,-122.412937941
1679,37.7842951162,-122.412772623
1680,37.796914,-122.41532
1681,37.79296775,-122.41431375
1682,37.806276,-122.416998
1683,37.8054867959,-122.416838571
1684,37.8073926531,-122.417218347
1685,37.7624606,-122.4626441
1686,37.7602859796,-122.507195408
1687,37.7606345,-122.5045157
1688,37.7622455,-122.4648033
1689,37.7608752,-122.4988184
1690,37.7603691224,-122.505317204
1691,37.7604421,-122.5082705
1692,37.760383,-122.505007
1693,37.7610288,-122.4895724
1694,37.7608723,-122.4989016
1695,37.7611634,-122.4862928
1696,37.7624581,-122.4628382
1697,37.7612253,-122.4907774
1698,37.7623105,-122.4665626
1699,37.7603397,-122.505142
1700,37.7660239,-122.4036661
1701,37.7966638,-122.4052339
1702,37.7966638,-122.4052339
1703,37.7966638,-122.4052339
1704,37.7966638,-122.4052339
1705,37.79514395,-122.404305932
1706,37.7966638,-122.4052339
1707,37.7910211837,-122.403978714
1708,37.7966638,-122.4052339
1709,37.7910492245,-122.403984429
1710,37.7966638,-122.4052339
1711,37.7914033333,-122.404266889
1712,37.794798,-122.404704
1713,37.7966638,-122.4052339
1714,37.7966638,-122.4052339
1715,37.7792808,-122.4192362
1716,37.7914507,-122.4040573
1717,37.7911361667,-122.404212444
1718,37.7976129,-122.4056012
1719,37.7965057,-122.4053637
1720,37.7977838,-122.4052951
1721,37.7967115,-122.4054026
1722,37.7963509,-122.4053255
1723,37.7965795,-122.4050552
1724,37.7965396,-122.4053692
1725,37.7776322449,-122.392052571
1726,37.7774542245,-122.392278857
1727,37.7794501429,-122.390435286
1728,37.7781842,-122.3923197
1729,37.7775777,-122.3929801
1730,37.7776160612,-122.392073143
1731,37.7775836939,-122.392114286
1732,37.7768230612,-122.393081143
1733,37.7792876939,-122.390638245
1734,37.7746647,-122.5099886
1735,37.7604494,-122.5089782
1736,37.7763523,-122.4263727
1737,37.7757968571,-122.426230571
1738,37.775888,-122.42604
1739,37.786848,-122.428258
1740,37.802511,-122.43142
1741,37.7818210408,-122.417118265
1742,37.7825404,-122.417123678
1743,37.7817366735,-122.417100878
1744,37.7819194694,-122.417138551
1745,37.7820038367,-122.417155939
1746,37.78028855,-122.415973308
1747,37.7869168,-122.4184004
1748,37.785302,-122.417823
1749,37.7976742041,-122.420324408
1750,37.7834724615,-122.417664923
1751,37.78724235,-122.418490295
1752,37.783421,-122.417655
1753,37.7840686,-122.4178459
1754,37.7862004,-122.418277
1755,37.7845625,-122.4176583
1756,37.7854841346,-122.417859269
1757,37.784509,-122.417869286
1758,37.7872612857,-122.418212429
1759,37.7840686,-122.4178459
1760,37.7835067692,-122.417671538
1761,37.783251,-122.414041245
1762,37.7840017584,-122.414402923
1763,37.7873807,-122.4149941
1764,37.711953,-122.405447
1765,37.7657847,-122.4667057
1766,37.7638957,-122.507806306
1767,37.7652442,-122.4781608
1768,37.7987393,-122.4444888
1769,37.7987393,-122.4444888
1770,37.7987393,-122.4444888
1771,37.8001494898,-122.434834469
1772,37.7994294,-122.4406821
1773,37.7987393,-122.4444888
1774,37.7987393,-122.4444888
1775,37.8015382,-122.425673308
1776,37.7987393,-122.4444888
1777,37.7996575,-122.4388598
1778,37.7993254286,-122.441402092
1779,37.7987393,-122.4444888
1780,37.8001458776,-122.434861633
1781,37.8013695884,-122.425195577
1782,37.8000847,-122.435675
1783,37.7987393,-122.4444888
1784,37.79943465,-122.43789127
1785,37.8014007803,-122.424932195
1786,37.7993198571,-122.441443755
1787,37.7987393,-122.4444888
1788,37.799357,-122.441166
1789,37.8003618,-122.430813
1790,37.7987393,-122.4444888
1791,37.7987393,-122.4444888
1792,37.8001278163,-122.434997449
1793,37.7987393,-122.4444888
1794,37.7722107,-122.3930582
1795,37.778429,-122.3943225
1796,37.7965864,-122.4470322
1797,37.7965864,-122.4470322
1798,37.7883293,-122.4040042
1799,37.7491899636,-122.3857214
1800,37.8044672,-122.432834353
1801,37.7632862,-122.4079124
1802,37.7629624,-122.4085306
1803,37.7903526667,-122.404597833
1804,37.7595856,-122.4447334
1805,37.7825572,-122.410377746
1806,37.7786289,-122.4157914
1807,37.7821397,-122.4107731
1808,37.7595856,-122.4447334
1809,37.7595856,-122.4447334
1810,37.7595856,-122.4447334
1811,37.7733898,-122.4221123
1812,37.7595856,-122.4447334
1813,37.7724024,-122.4230571
1814,37.7744588,-122.420588
1815,37.7595856,-122.4447334
1816,37.7762701,-122.4182162
1817,37.7595856,-122.4447334
1818,37.7595856,-122.4447334
1819,37.7595856,-122.4447334
1820,37.7595856,-122.4447334
1821,37.7595856,-122.4447334
1822,37.7595856,-122.4447334
1823,37.7714169,-122.4237136
1824,37.7839412,-122.4074786
1825,37.7780211,-122.4149513
1826,37.7595856,-122.4447334
1827,37.7726713,-122.422074
1828,37.7595856,-122.4447334
1829,37.7869373,-122.4040147
1830,37.7595856,-122.4447334
1831,37.7963509,-122.4053255
1832,37.7965795,-122.4050552
1833,37.7965396,-122.4053692
1834,37.7776322449,-122.392052571
1835,37.7774542245,-122.392278857
1836,37.7794501429,-122.390435286
1837,37.7781842,-122.3923197
1838,37.7775777,-122.3929801
1839,37.7776160612,-122.392073143
1840,37.7775836939,-122.392114286
1841,37.7768230612,-122.393081143
1842,37.7792876939,-122.390638245
1843,37.7746647,-122.5099886
1844,37.7604494,-122.5089782
1845,37.7763523,-122.4263727
1846,37.7757968571,-122.426230571
1847,37.775888,-122.42604
1848,37.786848,-122.428258
1849,37.802511,-122.43142
1850,37.7818210408,-122.417118265
1851,37.7825404,-122.417123678
1852,37.7817366735,-122.417100878
1853,37.7819194694,-122.417138551
1854,37.7820038367,-122.417155939
1855,37.78028855,-122.415973308
1856,37.7869168,-122.4184004
1857,37.785302,-122.417823
1858,37.7976742041,-122.420324408
1859,37.7834724615,-122.417664923
1860,37.78724235,-122.418490295
1861,37.783421,-122.417655
1862,37.7840686,-122.4178459
1863,37.7862004,-122.418277
1864,37.7845625,-122.4176583
1865,37.7854841346,-122.417859269
1866,37.784509,-122.417869286
1867,37.7872612857,-122.418212429
1868,37.7840686,-122.4178459
1869,37.7835067692,-122.417671538
1870,37.783251,-122.414041245
1871,37.7840017584,-122.414402923
1872,37.7873807,-122.4149941
1873,37.711953,-122.405447
1874,37.7657847,-122.4667057
1875,37.7638957,-122.507806306
1876,37.7652442,-122.4781608
1877,37.7987393,-122.4444888
1878,37.7987393,-122.4444888
1879,37.7987393,-122.4444888
1880,37.8001494898,-122.434834469
1881,37.7994294,-122.4406821
1882,37.7987393,-122.4444888
1883,37.7987393,-122.4444888
1884,37.8015382,-122.425673308
1885,37.7987393,-122.4444888
1886,37.7996575,-122.4388598
1887,37.7993254286,-122.441402092
1888,37.7987393,-122.4444888
1889,37.8001458776,-122.434861633
1890,37.8013695884,-122.425195577
1891,37.8000847,-122.435675
1892,37.7987393,-122.4444888
1893,37.79943465,-122.43789127
1894,37.8014007803,-122.424932195
1895,37.7993198571,-122.441443755
1896,37.7987393,-122.4444888
1897,37.799357,-122.441166
1898,37.8003618,-122.430813
1899,37.7987393,-122.4444888
1900,37.7987393,-122.4444888
1901,37.8001278163,-122.434997449
1902,37.7987393,-122.4444888
1903,37.7722107,-122.3930582
1904,37.778429,-122.3943225
1905,37.7965864,-122.4470322
1906,37.7965864,-122.4470322
1907,37.7883293,-122.4040042
1908,37.7491899636,-122.3857214
1909,37.8044672,-122.432834353
1910,37.7632862,-122.4079124
1911,37.7629624,-122.4085306
1912,37.7903526667,-122.404597833
1913,37.7595856,-122.4447334
1914,37.7825572,-122.410377746
1915,37.7786289,-122.4157914
1916,37.7821397,-122.4107731
1917,37.7595856,-122.4447334
1918,37.7595856,-122.4447334
1919,37.7595856,-122.4447334
1920,37.7733898,-122.4221123
1921,37.7595856,-122.4447334
1922,37.7724024,-122.4230571
1923,37.7744588,-122.420588
1924,37.7595856,-122.4447334
1925,37.7762701,-122.4182162
1926,37.7595856,-122.4447334
1927,37.7595856,-122.4447334
1928,37.7595856,-122.4447334
1929,37.7595856,-122.4447334
1930,37.7595856,-122.4447334
1931,37.7595856,-122.4447334
1932,37.7714169,-122.4237136
1933,37.7839412,-122.4074786
1934,37.7780211,-122.4149513
1935,37.7595856,-122.4447334
1936,37.7726713,-122.422074
1937,37.7595856,-122.4447334
1938,37.7869373,-122.4040147
1939,37.7595856,-122.4447334
1940,37.7595856,-122.4447334
1941,37.7595856,-122.4447334
1942,37.7767817,-122.4167922
1943,37.7595856,-122.4447334
1944,37.7875565,-122.404081036
1945,37.7866277,-122.404426
1946,37.77963995,-122.41289745
1947,37.7595856,-122.4447334
1948,37.7595856,-122.4447334
1949,37.7884472,-122.4028945
1950,37.7595856,-122.4447334
1951,37.7595856,-122.4447334
1952,37.79050745,-122.39915835
1953,37.7875747,-122.4032006
1954,37.768891,-122.4284419
1955,37.764658,-122.4321849
1956,37.7646391,-122.4329544
1957,37.7595856,-122.4447334
1958,37.7676722,-122.4284361
1959,37.7653117,-122.4314324
1960,37.7595856,-122.4447334
1961,37.7595856,-122.4447334
1962,37.7595856,-122.4447334
1963,37.7639521,-122.4338052
1964,37.7595856,-122.4447334
1965,37.7673297,-122.429672308
1966,37.7635993,-122.4335923
1967,37.7657169,-122.431625044
1968,37.7595856,-122.4447334
1969,37.7667003,-122.430521567
1970,37.7595856,-122.4447334
1971,37.7595856,-122.4447334
1972,37.7671499,-122.429931328
1973,37.7649499,-122.431883
1974,37.7652467,-122.4315156
1975,37.7595856,-122.4447334
1976,37.786794,-122.409697
1977,37.7874998,-122.4097733
1978,37.7864627059,-122.409630294
1979,37.7919822,-122.4107893
1980,37.7875575,-122.4098365
1981,37.7876822917,-122.409875042
1982,37.7859912,-122.4092779
1983,37.7873325,-122.4100566
1984,37.7834959,-122.409243
1985,37.7846208,-122.4095189
1986,37.79052025,-122.410129167
1987,37.7839535,-122.4090956
1988,37.78449185,-122.409590724
1989,37.7872666,-122.4100026
1990,37.794662,-122.411286
1991,37.7923686,-122.410029998
1992,37.80669,-122.413709
1993,37.80028475,-122.41232311
1994,37.8079012653,-122.413954143
1995,37.8042646,-122.413586747
1996,37.796098,-122.411574857
1997,37.803896,-122.413146
1998,37.8061088571,-122.413804939
1999,37.7821995,-122.4479844
2000,37.78103024,-122.41352132
2001,37.7806497039,-122.416565158
2002,37.78103472,-122.41348596
2003,37.779634551,-122.423205796
2004,37.7808684286,-122.413478939
2005,37.780915639,-122.414417167
2006,37.7808949363,-122.414580391
2007,37.7772852,-122.4414679
2008,37.777238,-122.4418536
2009,37.775747,-122.455017
2010,37.7342366,-122.3905197
2011,37.7955107,-122.4009684
2012,37.7948665714,-122.404156204
2013,37.7885328,-122.398152
2014,37.7878071,-122.3988797
2015,37.786844,-122.4003279
2016,37.7874657,-122.3993217
2017,37.7867615,-122.400437
2018,37.75771,-122.390094
2019,37.7576986531,-122.390092816
2020,37.782693,-122.4079981
2021,37.7830438,-122.4076713
2022,37.7832400625,-122.407398062
2023,37.7707735,-122.391549576
2024,37.7937635,-122.3925412
2025,37.7937635,-122.3925412
2026,37.7837982,-122.4048887
2027,37.7937635,-122.3925412
2028,37.7937635,-122.3925412
2029,37.7787929,-122.4112387
2030,37.7843241,-122.4047104
2031,37.7937635,-122.3925412
2032,37.7937635,-122.3925412
2033,37.7684104,-122.4197648
2034,37.7849215,-122.4034536
2035,37.7937635,-122.3925412
2036,37.7757279,-122.4150424
2037,37.7937635,-122.3925412
2038,37.7937635,-122.3925412
2039,37.7937635,-122.3925412
2040,37.7849215,-122.4034536
2041,37.781237,-122.4081141
2042,37.7787929,-122.4112387
2043,37.7937635,-122.3925412
2044,37.7932361,-122.3928912
2045,37.7937635,-122.3925412
2046,37.787049,-122.4013106
2047,37.786522,-122.4019725
2048,37.7937635,-122.3925412
2049,37.7927956,-122.3941615
2050,37.7865699,-122.402033232
2051,37.7937635,-122.3925412
2052,37.79368085,-122.393214601
2053,37.7937635,-122.3925412
2054,37.7937635,-122.3925412
2055,37.750874,-122.4181582
2056,37.7937635,-122.3925412
2057,37.7937635,-122.3925412
2058,37.7439432,-122.4211381
2059,37.7937635,-122.3925412
2060,37.7453276,-122.420251
2061,37.7937635,-122.3925412
2062,37.7937635,-122.3925412
2063,37.7937635,-122.3925412
2064,37.751742,-122.4185843
2065,37.7937635,-122.3925412
2066,37.7526426,-122.4183117
2067,37.7937635,-122.3925412
2068,37.7937635,-122.3925412
2069,37.7937635,-122.3925412
2070,37.7937635,-122.3925412
2071,37.7937635,-122.3925412
2072,37.74516,-122.420371
2073,37.7937635,-122.3925412
2074,37.7937635,-122.3925412
2075,37.7937635,-122.3925412
2076,37.7604625,-122.4193998
2077,37.7937635,-122.3925412
2078,37.7937635,-122.3925412
2079,37.7937635,-122.3925412
2080,37.7937635,-122.3925412
2081,37.7937635,-122.3925412
2082,37.7636076,-122.4196995
2083,37.7526946,-122.4183323
2084,37.7937635,-122.3925412
2085,37.7937635,-122.3925412
2086,37.7937635,-122.3925412
2087,37.7560069,-122.418609
2088,37.7937635,-122.3925412
2089,37.7528941,-122.4183697
2090,37.7589506,-122.4189278
2091,37.7937635,-122.3925412
2092,37.7937635,-122.3925412
2093,37.7937635,-122.3925412
2094,37.7937635,-122.3925412
2095,37.7937635,-122.3925412
2096,37.7937635,-122.3925412
2097,37.7937635,-122.3925412
2098,37.7468663,-122.4188989
2099,37.7937635,-122.3925412
2100,37.7937635,-122.3925412
2101,37.7937635,-122.3925412
2102,37.7937635,-122.3925412
2103,37.762774,-122.4196291
2104,37.7613271,-122.4194966
2105,37.7516328,-122.4185829
2106,37.7487135,-122.4183039
2107,37.7937635,-122.3925412
2108,37.7937635,-122.3925412
2109,37.7453753,-122.4202221
2110,37.7937635,-122.3925412
2111,37.75986695,-122.41897625
2112,37.7937635,-122.3925412
2113,37.7937635,-122.3925412
2114,37.7471709,-122.4190731
2115,37.7937635,-122.3925412
2116,37.7937635,-122.3925412
2117,37.7937635,-122.3925412
2118,37.7937635,-122.3925412
2119,37.7561254,-122.4184755
2120,37.7605744,-122.4194294
2121,37.7937635,-122.3925412
2122,37.7937635,-122.3925412
2123,37.7468205,-122.4192808
2124,37.7514846,-122.4182175
2125,37.7611972,-122.4194733
2126,37.7937635,-122.3925412
2127,37.7437805,-122.4208847
2128,37.7444295,-122.4208336
2129,37.7937635,-122.3925412
2130,37.7937635,-122.3925412
2131,37.7484306,-122.417936
2132,37.7937635,-122.3925412
2133,37.7441316,-122.420668
2134,37.7937635,-122.3925412
2135,37.7937635,-122.3925412
2136,37.7937635,-122.3925412
2137,37.7505445,-122.4181381
2138,37.745701,-122.419510186
2139,37.7450478,-122.4204769
2140,37.76210825,-122.4191385
2141,37.7619673,-122.4192206
2142,37.7597035,-122.4189944
2143,37.7937635,-122.3925412
2144,37.7937635,-122.3925412
2145,37.7937635,-122.3925412
2146,37.7937635,-122.3925412
2147,37.7440257,-122.4207148
2148,37.7937635,-122.3925412
2149,37.7937635,-122.3925412
2150,37.7937635,-122.3925412
2151,37.7937635,-122.3925412
2152,37.7937635,-122.3925412
2153,37.7937635,-122.3925412
2154,37.7611193,-122.4194837
2155,37.7937635,-122.3925412
2156,37.7937635,-122.3925412
2157,37.7937635,-122.3925412
2158,37.7937635,-122.3925412
2159,37.7937635,-122.3925412
2160,37.7937635,-122.3925412
2161,37.7451982,-122.4199713
2162,37.7937635,-122.3925412
2163,37.745108,-122.4204146
2164,37.7937635,-122.3925412
2165,37.7098321667,-122.449909667
2166,37.7166906,-122.440614
2167,37.70993075,-122.449618
2168,37.717793069,-122.439854103
2169,37.7182547069,-122.43950031
2170,37.721324,-122.437498
2171,37.7213081429,-122.437208857
2172,37.7937635,-122.3925412
2173,37.7937635,-122.3925412
2174,37.7937635,-122.3925412
2175,37.7236080769,-122.435492308
2176,37.7937635,-122.3925412
2177,37.7937635,-122.3925412
2178,37.7265791,-122.4336044
2179,37.7937635,-122.3925412
2180,37.7937635,-122.3925412
2181,37.7221765172,-122.436567793
2182,37.7232148462,-122.435791385
2183,37.7208652653,-122.437855388
2184,37.7186866957,-122.439497348
2185,37.717303,-122.440246
2186,37.7937635,-122.3925412
2187,37.7186730217,-122.439507761
2188,37.7937635,-122.3925412
2189,37.7219892069,-122.436711517
2190,37.7937635,-122.3925412
2191,37.7174015,-122.440165
2192,37.7937635,-122.3925412
2193,37.7937635,-122.3925412
2194,37.72223225,-122.43676725
2195,37.7257793,-122.4338136
2196,37.721375,-122.4371645
2197,37.7937635,-122.3925412
2198,37.7937635,-122.3925412
2199,37.7937635,-122.3925412
2200,37.7937635,-122.3925412
2201,37.7214142917,-122.43741825
2202,37.7937635,-122.3925412
2203,37.7937635,-122.3925412
2204,37.7646215306,-122.396824898
2205,37.7308786,-122.4578426
2206,37.7316502041,-122.450951796
2207,37.7318186,-122.447949109
2208,37.7316982,-122.451303
2209,37.8059989,-122.405121464
2210,37.7957585714,-122.403257714
2211,37.7957324082,-122.403252367
2212,37.7970564,-122.4034627
2213,37.7698246,-122.466086744
2214,37.8052354694,-122.423402898
2215,37.8041404898,-122.432038429
2216,37.8063213265,-122.416284143
2217,37.80607575,-122.416412257
2218,37.7811746,-122.4063055
2219,37.7869374,-122.399239
2220,37.7875413,-122.3984958
2221,37.7870241,-122.4001571
2222,37.7882835,-122.4023145
2223,37.7882367,-122.4012872
2224,37.7872359,-122.4000856
2225,37.7872359,-122.4000856
2226,37.7635848706,-122.432937095
2227,37.764496375,-122.433218917
2228,37.76679735,-122.433091693
2229,37.7665962,-122.4331998
2230,37.7540929,-122.4772948
2231,37.7541545714,-122.480282857
2232,37.7538942791,-122.482456698
2233,37.7531532,-122.5046734
2234,37.75403,-122.4783917
2235,37.7536950612,-122.490717714
2236,37.754210898,-122.479009653
2237,37.7536714694,-122.491247143
2238,37.7535661429,-122.489911714
2239,37.7528003,-122.5055673
2240,37.7543445,-122.4771317
2241,37.754295,-122.4781837
2242,37.754162898,-122.48009649
2243,37.7540475714,-122.478983143
2244,37.7529216122,-122.504514102
2245,37.7542954,-122.4781448
2246,37.7543060408,-122.476850714
2247,37.7539019535,-122.482280884
2248,37.7543453,-122.4770735
2249,37.7535701837,-122.489817918
2250,37.7535234286,-122.490878
2251,37.7543063,-122.4779898
2252,37.7528467,-122.5041625
2253,37.75401,-122.479837
2254,37.7528457,-122.5046819
2255,37.805359,-122.4221819
2256,37.8064211,-122.4158162
2257,37.7748686,-122.4230357
2258,37.77549305,-122.420385635
2259,37.7739028,-122.4239115
2260,37.7739857,-122.4242259
2261,37.7760471,-122.424087816
2262,37.78797,-122.426993
2263,37.7862581935,-122.408578097
2264,37.7858316,-122.4119976
2265,37.7862872258,-122.408346613
2266,37.786587,-122.4077191
2267,37.7864874,-122.4084621
2268,37.7857085,-122.4104126
2269,37.7864095,-122.408704333
2270,37.7866120435,-122.407089043
2271,37.7855009,-122.4144706
2272,37.7856615879,-122.413325798
2273,37.7852986,-122.41752388
2274,37.7847659,-122.418835475
2275,37.784820551,-122.419990878
2276,37.7856324286,-122.414882714
2277,37.7853121,-122.4161154
2278,37.7855900909,-122.415221455
2279,37.7851986735,-122.416995939
2280,37.7832849463,-122.433421681
2281,37.72178,-122.438799
2282,37.7682828,-122.3929456
2283,37.7736074694,-122.425502735
2284,37.7643673,-122.4528943
2285,37.7855359,-122.4292829
2286,37.7855359,-122.4292829
2287,37.7635848706,-122.432937095
2288,37.764496375,-122.433218917
2289,37.76679735,-122.433091693
2290,37.7665962,-122.4331998
2291,37.7540929,-122.4772948
2292,37.7541545714,-122.480282857
2293,37.7538942791,-122.482456698
2294,37.7531532,-122.5046734
2295,37.75403,-122.4783917
2296,37.7536950612,-122.490717714
2297,37.754210898,-122.479009653
2298,37.7536714694,-122.491247143
2299,37.7535661429,-122.489911714
2300,37.7528003,-122.5055673
2301,37.7543445,-122.4771317
2302,37.754295,-122.4781837
2303,37.754162898,-122.48009649
2304,37.7540475714,-122.478983143
2305,37.7529216122,-122.504514102
2306,37.7542954,-122.4781448
2307,37.7543060408,-122.476850714
2308,37.7539019535,-122.482280884
2309,37.7543453,-122.4770735
2310,37.7535701837,-122.489817918
2311,37.7535234286,-122.490878
2312,37.7543063,-122.4779898
2313,37.7528467,-122.5041625
2314,37.75401,-122.479837
2315,37.7528457,-122.5046819
2316,37.805359,-122.4221819
2317,37.8064211,-122.4158162
2318,37.7748686,-122.4230357
2319,37.77549305,-122.420385635
2320,37.7739028,-122.4239115
2321,37.7739857,-122.4242259
2322,37.7760471,-122.424087816
2323,37.78797,-122.426993
2324,37.7862581935,-122.408578097
2325,37.7858316,-122.4119976
2326,37.7862872258,-122.408346613
2327,37.786587,-122.4077191
2328,37.7864874,-122.4084621
2329,37.7857085,-122.4104126
2330,37.7864095,-122.408704333
2331,37.7866120435,-122.407089043
2332,37.7855009,-122.4144706
2333,37.7856615879,-122.413325798
2334,37.7852986,-122.41752388
2335,37.7847659,-122.418835475
2336,37.784820551,-122.419990878
2337,37.7856324286,-122.414882714
2338,37.7853121,-122.4161154
2339,37.7855900909,-122.415221455
2340,37.7851986735,-122.416995939
2341,37.7832849463,-122.433421681
2342,37.72178,-122.438799
2343,37.7682828,-122.3929456
2344,37.7736074694,-122.425502735
2345,37.7643673,-122.4528943
2346,37.7855359,-122.4292829
2347,37.7855359,-122.4292829
2348,37.7996767755,-122.439486837
2349,37.7998837143,-122.439521429
2350,37.792066,-122.401918
2351,37.7915977,-122.403711
2352,37.7916908571,-122.403557429
2353,37.79206,-122.401964737
2354,37.7917941875,-122.404062938
2355,37.7921312,-122.3999658
2356,37.790985,-122.41081692
2357,37.791537,-122.406093143
2358,37.7892018776,-122.423131347
2359,37.7901681,-122.4154111
2360,37.7894812857,-122.420927306
2361,37.7922027,-122.3992551
2362,37.7785576,-122.514080356
2363,37.779619,-122.5092452
2364,37.7792283,-122.5127734
2365,37.7829065,-122.418898347
2366,37.77926885,-122.41925612
2367,37.782304,-122.418915
2368,37.7956021633,-122.421593816
2369,37.79756605,-122.42236526
2370,37.7982701,-122.4224517
2371,37.7898018571,-122.420634796
2372,37.7980813,-122.4220407
2373,37.7918543265,-122.421050796
2374,37.7908042174,-122.420837826
2375,37.794279,-122.421326
2376,37.7966476,-122.4220509
2377,37.7926336531,-122.421208735
2378,37.7873905,-122.419902
2379,37.7878865,-122.42002
2380,37.797323,-122.4219315
2381,37.7964485,-122.422106
2382,37.7901339,-122.4207175
2383,37.7975479412,-122.422196912
2384,37.7873608,-122.420181
2385,37.7907793,-122.4208789
2386,37.7928152,-122.4210079
2387,37.7971395,-122.4221707
2388,37.7875516,-122.4199557
2389,37.7872024,-122.4201507
2390,37.7890756,-122.4205447
2391,37.7899475714,-122.420664388
2392,37.7931005,-122.4210819
2393,37.7832306,-122.4190531
2394,37.7961120408,-122.421906755
2395,37.788382,-122.4203936
2396,37.7986951,-122.4221752
2397,37.7967997,-122.42177
2398,37.7910018571,-122.420667714
2399,37.7971395,-122.4221707
2400,37.788309,-122.4203982
2401,37.788088,-122.420288
2402,37.7888791,-122.4204761
2403,37.7916079,-122.4210651
2404,37.7925823878,-122.420988061
2405,37.786937,-122.420055
2406,37.7899499,-122.4206854
2407,37.7974985294,-122.422186794
2408,37.7894988,-122.4206086
2409,37.797552,-122.4219616
2410,37.7817066,-122.4189113
2411,37.7919461837,-122.42106951
2412,37.7916574898,-122.421010694
2413,37.7926543,-122.4209773
2414,37.7989045,-122.4222246
2415,37.7897663,-122.4207124
2416,37.7931692,-122.4210688
2417,37.7964602857,-122.421977286
2418,37.7953423265,-122.421751633
2419,37.788461,-122.420413
2420,37.7902045,-122.4207828
2421,37.7953820816,-122.421549408
2422,37.7927109184,-122.421224408
2423,37.7930539,-122.4210675
2424,37.7922403,-122.4212139
2425,37.788358,-122.420132
2426,37.7931547,-122.4213524
2427,37.7833289167,-122.419121333
2428,37.7895295,-122.4203421
2429,37.7972898,-122.4221884
2430,37.7949053,-122.4214052
2431,37.79579,-122.4219239
2432,37.7916997,-122.4207896
2433,37.7971031,-122.4218968
2434,37.7985445,-122.4221386
2435,37.79816455,-122.42246207
2436,37.7963516,-122.4220809
2437,37.798001,-122.421971733
2438,37.7908756,-122.4209035
2439,37.789274,-122.420528
2440,37.7438818,-122.4536778
2441,37.74474295,-122.452299535
2442,37.74474295,-122.452299535
2443,37.7439559,-122.453457557
2444,37.7439398,-122.4536098
2445,37.7880585,-122.4108945
2446,37.7888137,-122.404374
2447,37.787981,-122.410194
2448,37.78825825,-122.40933025
2449,37.788338875,-122.408698375
2450,37.788144,-122.410227
2451,37.7878074,-122.411304
2452,37.7878962,-122.4107339
2453,37.788312,-122.408909
2454,37.7888517561,-122.403332732
2455,37.7888137,-122.404374
2456,37.7877648571,-122.411884286
2457,37.787764,-122.413216
2458,37.787726,-122.413524
2459,37.7888137,-122.404374
2460,37.7877438,-122.4118405
2461,37.7878134898,-122.411501755
2462,37.7864791,-122.4207131
2463,37.7888137,-122.404374
2464,37.7868725556,-122.420234222
2465,37.7878061,-122.413690842
2466,37.7876005,-122.4152507
2467,37.7874583061,-122.414307735
2468,37.7877869412,-122.413033647
2469,37.7869651,-122.4197888
2470,37.7876887,-122.4124302
2471,37.7877162,-122.412224
2472,37.7856240612,-122.429977306
2473,37.7858076735,-122.42859002
2474,37.78564,-122.4302213
2475,37.7856211224,-122.430001612
2476,37.7857059592,-122.429348878
2477,37.7858321,-122.4287696
2478,37.7856181837,-122.430025918
2479,37.7854033,-122.428608775
2480,37.7851493265,-122.432452959
2481,37.785067,-122.4325977
2482,37.7556502857,-122.406689286
2483,37.7633159,-122.4071598
2484,37.7851553265,-122.407892327
2485,37.7885021,-122.408869496
2486,37.7867635918,-122.408212265
2487,37.7867032653,-122.407989878
2488,37.7877488,-122.408974203
2489,37.7887800408,-122.408397449
2490,37.7877978837,-122.408204
2491,37.7866916531,-122.408197776
2492,37.7867032653,-122.407989878
2493,37.7888087,-122.4086108
2494,37.7858348367,-122.40802649
2495,37.7857232857,-122.407794143
2496,37.785955,-122.4078159
2497,37.7958893,-122.4099689
2498,37.7958893,-122.4099689
2499,37.7958893,-122.4099689
2500,37.78962185,-122.408935546
2501,37.7958893,-122.4099689
2502,37.7958893,-122.4099689
2503,37.7958893,-122.4099689
2504,37.8044938367,-122.411791265
2505,37.7996498367,-122.410609163
2506,37.7992129,-122.4104684
2507,37.800348,-122.410961
2508,37.8054894118,-122.411988794
2509,37.799519,-122.4108108
2510,37.7976247337,-122.410200105
2511,37.747051,-122.4104429
2512,37.746687,-122.4133929
2513,37.7874663878,-122.446727673
2514,37.787152,-122.446667
2515,37.7886351224,-122.447167857
2516,37.788257,-122.459373
2517,37.7667968163,-122.402648633
2518,37.76443105,-122.402772675
2519,37.7876887,-122.4124302
2520,37.7877162,-122.412224
2521,37.7856240612,-122.429977306
2522,37.7858076735,-122.42859002
2523,37.78564,-122.4302213
2524,37.7856211224,-122.430001612
2525,37.7857059592,-122.429348878
2526,37.7858321,-122.4287696
2527,37.7856181837,-122.430025918
2528,37.7854033,-122.428608775
2529,37.7851493265,-122.432452959
2530,37.785067,-122.4325977
2531,37.7556502857,-122.406689286
2532,37.7633159,-122.4071598
2533,37.7851553265,-122.407892327
2534,37.7885021,-122.408869496
2535,37.7867635918,-122.408212265
2536,37.7867032653,-122.407989878
2537,37.7877488,-122.408974203
2538,37.7887800408,-122.408397449
2539,37.7877978837,-122.408204
2540,37.7866916531,-122.408197776
2541,37.7867032653,-122.407989878
2542,37.7888087,-122.4086108
2543,37.7858348367,-122.40802649
2544,37.7857232857,-122.407794143
2545,37.785955,-122.4078159
2546,37.7958893,-122.4099689
2547,37.7958893,-122.4099689
2548,37.7958893,-122.4099689
2549,37.78962185,-122.408935546
2550,37.7958893,-122.4099689
2551,37.7958893,-122.4099689
2552,37.7958893,-122.4099689
2553,37.8044938367,-122.411791265
2554,37.7996498367,-122.410609163
2555,37.7992129,-122.4104684
2556,37.800348,-122.410961
2557,37.8054894118,-122.411988794
2558,37.799519,-122.4108108
2559,37.7976247337,-122.410200105
2560,37.747051,-122.4104429
2561,37.746687,-122.4133929
2562,37.7874663878,-122.446727673
2563,37.787152,-122.446667
2564,37.7886351224,-122.447167857
2565,37.788257,-122.459373
2566,37.7667968163,-122.402648633
2567,37.76443105,-122.402772675
2568,37.76443105,-122.402772675
2569,37.7806063,-122.3961621
2570,37.77918625,-122.39438775
2571,37.7980888571,-122.406372
2572,37.7736095306,-122.421730735
2573,37.7215234694,-122.436841041
2574,37.7671826939,-122.417578245
2575,37.766319,-122.4174219
2576,37.7679444082,-122.417860673
2577,37.769886,-122.4178034
2578,37.769886,-122.4178034
2579,37.769886,-122.4178034
2580,37.7570488,-122.4165148
2581,37.7557134,-122.4167451
2582,37.7915238776,-122.421314184
2583,37.7912268571,-122.423668857
2584,37.7941025652,-122.399738884
2585,37.793782625,-122.403597
2586,37.79369625,-122.4042595
2587,37.7937529375,-122.403832
2588,37.79401585,-122.402349528
2589,37.7940403,-122.4015525
2590,37.7939325,-122.4007778
2591,37.7939454,-122.4024587
2592,37.79367675,-122.4044045
2593,37.7936553,-122.4040159
2594,37.7881559796,-122.446562
2595,37.7873268367,-122.45306749
2596,37.7875450204,-122.452662939
2597,37.7874303061,-122.452247082
2598,37.7883855714,-122.446067
2599,37.731771125,-122.4054275
2600,37.7254243673,-122.402789122
2601,37.7280999592,-122.403899204
2602,37.7300568,-122.4044344
2603,37.728435449,-122.404040755
2604,37.728927,-122.404247
2605,37.7324389,-122.4055972
2606,37.7295378421,-122.404278842
2607,37.730461,-122.404656
2608,37.7324389,-122.4055972
2609,37.769195,-122.4315397
2610,37.7645818571,-122.431005735
2611,37.7640325102,-122.430745449
2612,37.761272,-122.430689
2613,37.7437055,-122.4287887
2614,37.7436864,-122.4290877
2615,37.7924019388,-122.400887327
2616,37.7987383878,-122.40218602
2617,37.7941531667,-122.401453667
2618,37.7860861429,-122.438227286
2619,37.7998156939,-122.440995714
2620,37.7997228367,-122.440976714
2621,37.7997366327,-122.441189857
2622,37.7996432449,-122.440960429
2623,37.7997095714,-122.440974
2624,37.788603,-122.400398864
2625,37.7171143,-122.4997972
2626,37.73568935,-122.502941182
2627,37.73570335,-122.502794803
2628,37.7342610469,-122.489614461
2629,37.7342829844,-122.48925418
2630,37.7900021,-122.3897846
2631,37.7898305,-122.3909594
2632,37.7678824,-122.452964668
2633,37.7695047,-122.452850236
2634,37.7662947,-122.4528158
2635,37.8000152,-122.4376242
2636,37.8001053673,-122.437893714
2637,37.800212,-122.4379719
2638,37.8002385,-122.4376692
2639,37.8001664,-122.4376547
2640,37.8004419,-122.4377102
2641,37.7970582041,-122.437279184
2642,37.8003218,-122.437614471
2643,37.8001044,-122.4376421
2644,37.8001367,-122.437944
2645,37.8000449,-122.4376301
2646,37.8003743,-122.4376966
2647,37.792773,-122.3923772
2648,37.7928405,-122.3924688
2649,37.781397875,-122.410297417
2650,37.7895969827,-122.399676659
2651,37.7895568,-122.39960586
2652,37.7893025318,-122.400049077
2653,37.78786875,-122.406545
2654,37.789119,-122.407236793
2655,37.7902762,-122.4071465
2656,37.78914095,-122.406572459
2657,37.78980365,-122.407410123
2658,37.791867,-122.406834161
2659,37.7979062,-122.408542
2660,37.798886125,-122.408983875
2661,37.8007877755,-122.409151408
2662,37.7997743,-122.4089176
2663,37.797414,-122.408681
2664,37.79881675,-122.40896825
2665,37.8014859,-122.4095532
2666,37.8003332,-122.4090512
2667,37.8009408776,-122.409181041
2668,37.8000761,-122.4089989
2669,37.8005954,-122.4090838
2670,37.800996551,-122.409191816
2671,37.8000247,-122.4089839
2672,37.767767377,-122.477418692
2673,37.7136482448,-122.421866203
2674,37.788907,-122.410438
2675,37.7889609796,-122.410017306
2676,37.7895621,-122.4059999
2677,37.789288,-122.408765
2678,37.7889047,-122.4103785
2679,37.7887619444,-122.411588444
2680,37.7889234,-122.4118365
2681,37.7887552,-122.4115278
2682,37.788924375,-122.411626
2683,37.7895621,-122.4059999
2684,37.7895621,-122.4059999
2685,37.7888751818,-122.410690091
2686,37.7890691633,-122.409169551
2687,37.7892021,-122.4100186
2688,37.7900804694,-122.401206939
2689,37.7900630714,-122.402659036
2690,37.7897937273,-122.403463091
2691,37.7897825909,-122.403550136
2692,37.7900613,-122.4028007
2693,37.7895966531,-122.406334918
2694,37.7898512,-122.4046105
2695,37.7897034,-122.4040072
2696,37.7894587,-122.408315454
2697,37.7896936,-122.4058623
2698,37.787068,-122.424877
2699,37.7888719215,-122.412036449
2700,37.7884535,-122.4140185
2701,37.7874042,-122.422143
2702,37.7877268333,-122.421007583
2703,37.7895621,-122.4059999
2704,37.788279,-122.41669
2705,37.788664,-122.41368
2706,37.7872314,-122.4253981
2707,37.788875,-122.412012
2708,37.788505,-122.4149245
2709,37.7872343043,-122.423570043
2710,37.7882259,-122.4146211
2711,37.7876358298,-122.420410915
2712,37.7885138,-122.4150967
2713,37.7885587,-122.41211522
2714,37.7880758235,-122.418264824
2715,37.7880805294,-122.418229529
2716,37.7871453,-122.4262982
2717,37.78843395,-122.413085219
2718,37.7852017551,-122.440892041
2719,37.7866101,-122.4302359
2720,37.785775,-122.435055
2721,37.785938,-122.435088
2722,37.7860523333,-122.432870667
2723,37.7860816667,-122.432639333
2724,37.7434593,-122.4690216
2725,37.7433108,-122.474823705
2726,37.7425918,-122.483349
2727,37.74272735,-122.488765285
2728,37.7425234,-122.484889
2729,37.7423931,-122.4877054
2730,37.7419005,-122.5047801
2731,37.742862,-122.484562218
2732,37.74216,-122.4990108
2733,37.742708,-122.4809328
2734,37.7424971837,-122.490122673
2735,37.7429005306,-122.477225204
2736,37.7421653,-122.4988942
2737,37.7425255,-122.4846342
2738,37.7416179,-122.5053362
2739,37.7428083,-122.487151929
2740,37.7427122041,-122.481495082
2741,37.7416667143,-122.504970898
2742,37.7429066,-122.4758503
2743,37.7428622857,-122.478094286
2744,37.7427142245,-122.48144849
2745,37.7428958163,-122.477333776
2746,37.7429955,-122.4741518
2747,37.7431936,-122.4698509
2748,37.7422946809,-122.490988489
2749,37.7424255,-122.4870422
2750,37.7430303265,-122.478012469
2751,37.7425182,-122.4903565
2752,37.7428403,-122.4773872
2753,37.7430726122,-122.477050082
2754,37.7422925745,-122.491037319
2755,37.7429041,-122.4760223
2756,37.7421632,-122.4989519
2757,37.7430538,-122.4783452
2758,37.7431462857,-122.475380102
2759,37.7428136,-122.4837351
2760,37.788286,-122.411674
2761,37.7882028,-122.4118907
2762,37.7873654286,-122.411496286
2763,37.78253125,-122.411100293
2764,37.7856557,-122.4114123
2765,37.7881639,-122.4117811
2766,37.7836558078,-122.410748194
2767,37.7854879592,-122.41132851
2768,37.7940426667,-122.413059444
2769,37.8059138776,-122.415238286
2770,37.804049,-122.4144769
2771,37.807597449,-122.415784939
2772,37.8083861378,-122.415721099
2773,37.8086025492,-122.415962451
2774,37.80858143,-122.415959339
2775,37.758013,-122.389156
2776,37.765437,-122.38660947
2777,37.7764576743,-122.3887122
2778,37.793083,-122.3921769
2779,37.7907487,-122.3893536
2780,37.791073,-122.389922
2781,37.7845091,-122.3884406
2782,37.7892717,-122.4057915
2783,37.7893366667,-122.405531271
2784,37.7702895,-122.403444
2785,37.7706186667,-122.403027333
2786,37.7707174167,-122.402902333
2787,37.77078325,-122.402819
2788,37.778603375,-122.3932105
2789,37.7801929,-122.391357
2790,37.7791205909,-122.392262455
2791,37.778176,-122.393752667
2792,37.7781979,-122.3938538
2793,37.778572,-122.39325
2794,37.7602021429,-122.413824857
2795,37.7830571633,-122.411339551
2796,37.783353689,-122.410330244
2797,37.7405915,-122.4654649
2798,37.7408294,-122.4654435
2799,37.740792376,-122.465379474
2800,37.7990894687,-122.419255344
2801,37.796817,-122.436968
2802,37.7980095714,-122.427597143
2803,37.7979349592,-122.429493592
2804,37.79771376,-122.43123236
2805,37.7970075,-122.4369994
2806,37.7985512857,-122.424644714
2807,37.7978101224,-122.429160224
2808,37.79781205,-122.428616175
2809,37.7968794,-122.4361316
2810,37.7978874286,-122.428552857
2811,37.7973275,-122.4345889
2812,37.7972321,-122.435147
2813,37.7979631,-122.4295322
2814,37.7977372653,-122.429733653
2815,37.7977407347,-122.429706347
2816,37.7975548333,-122.432485333
2817,37.7970859796,-122.43485649
2818,37.7990742,-122.4201008
2819,37.7974552353,-122.431953
2820,37.797615,-122.430696
2821,37.7973504898,-122.432777245
2822,37.7976956327,-122.430061327
2823,37.7975595556,-122.432448222
2824,37.7975884,-122.4306988
2825,37.8002864286,-122.409776184
2826,37.8007324,-122.4079688
2827,37.800326,-122.4093259
2828,37.800138,-122.410971
2829,37.8002957143,-122.409703735
2830,37.8001904,-122.4104846
2831,37.76834,-122.4223429
2832,37.7686528,-122.4223941
2833,37.772222825,-122.4227162
2834,37.7664478,-122.4222038
2835,37.766423,-122.421929
2836,37.7659601923,-122.421883769
2837,37.77003695,-122.422120269
2838,37.7703535,-122.4226077
2839,37.7695216667,-122.422227333
2840,37.7694687143,-122.422430286
2841,37.7714662,-122.4223696
2842,37.7634365,-122.4219093
2843,37.7646041429,-122.421752286
2844,37.7646824,-122.4218646
2845,37.761806,-122.4214601
2846,37.7642563878,-122.421927204
2847,37.7646824,-122.4218646
2848,37.7644362653,-122.421736245
2849,37.7646824,-122.4218646
2850,37.7646824,-122.4218646
2851,37.7618781905,-122.42169881
2852,37.7646824,-122.4218646
2853,37.7646824,-122.4218646
2854,37.7573161,-122.4210171
2855,37.7538392,-122.4206349
2856,37.7642144,-122.4216546
2857,37.7646824,-122.4218646
2858,37.7598351,-122.4212446
2859,37.7607153878,-122.421587755
2860,37.7646824,-122.4218646
2861,37.7647040612,-122.42196998
2862,37.7637176,-122.4216086
2863,37.7544624,-122.4210384
2864,37.7504408,-122.4201367
2865,37.7499316,-122.4206244
2866,37.7640165714,-122.421696143
2867,37.762516,-122.4214999
2868,37.749024,-122.420469
2869,37.7646962,-122.4220613
2870,37.7644522449,-122.421945918
2871,37.7605339592,-122.421362184
2872,37.7571099,-122.4209867
2873,37.7610746122,-122.421622245
2874,37.7641444694,-122.42191651
2875,37.7602852653,-122.421338306
2876,37.7610313469,-122.421409939
2877,37.7644642449,-122.421738918
2878,37.7620888571,-122.421719143
2879,37.7640885102,-122.421911163
2880,37.754739,-122.4210803
2881,37.7621284444,-122.421514806
2882,37.7636964,-122.4214075
2883,37.760936449,-122.42160898
2884,37.76233865,-122.421397202
2885,37.7570702,-122.4212942
2886,37.7646824,-122.4218646
2887,37.7547605,-122.4210816
2888,37.7642284082,-122.421924531
2889,37.7636128571,-122.421865714
2890,37.7607706531,-122.421593061
2891,37.7635289184,-122.421857694
2892,37.7646824,-122.4218646
2893,37.7609917143,-122.421614286
2894,37.761572,-122.42167
2895,37.7643855,-122.4219928
2896,37.7546305,-122.4210679
2897,37.7490224,-122.4202076
2898,37.7646824,-122.4218646
2899,37.7524987,-122.4208779
2900,37.7995051,-122.4006177
2901,37.798415875,-122.409403625
2902,37.798838087,-122.407382717
2903,37.798411,-122.4086384
2904,37.781758449,-122.42076299
2905,37.7765237,-122.4194352
2906,37.7881229,-122.4216319
2907,37.7886746,-122.4222177
2908,37.7765237,-122.4194352
2909,37.7897953,-122.42178512
2910,37.7856068,-122.4211336
2911,37.787382,-122.4219742
2912,37.7965516,-122.4238134
2913,37.7830425,-122.4205957
2914,37.7950738,-122.422873867
2915,37.7892086,-122.4223588
2916,37.7765237,-122.4194352
2917,37.7876786,-122.4220491
2918,37.7876786,-122.4220491
2919,37.7872321471,-122.421485162
2920,37.79752465,-122.423416154
2921,37.799281,-122.4235871
2922,37.7980129,-122.42346135
2923,37.7972321,-122.4240769
2924,37.7873136,-122.4219578
2925,37.7765237,-122.4194352
2926,37.7383267,-122.5006987
2927,37.739014,-122.4798657
2928,37.7389501,-122.4676698
2929,37.7365836,-122.4703444
2930,37.7404105,-122.4660067
2931,37.7399688,-122.466388426
2932,37.7406417,-122.4662886
2933,37.7401819,-122.4662423
2934,37.7366719,-122.4702934
2935,37.74078,-122.466081354
2936,37.7384308,-122.4682599
2937,37.7370841129,-122.469866015
2938,37.740405,-122.4665389
2939,37.74076985,-122.466285284
2940,37.7377005,-122.4696761
2941,37.7378024,-122.4690204
2942,37.74076985,-122.466285284
2943,37.771236,-122.430431
2944,37.79529615,-122.407467827
2945,37.7951437,-122.4071324
2946,37.7951887692,-122.406780154
2947,37.7953032,-122.4059914
2948,37.795136,-122.407194
2949,37.7953448392,-122.405513288
2950,37.795178,-122.406864
2951,37.7956556,-122.4031056
2952,37.7792808,-122.4192362
2953,37.7957568571,-122.40075198
2954,37.79565425,-122.40297775
2955,37.79563875,-122.40311125
2956,37.7956898,-122.4028844
2957,37.7955186,-122.404366
2958,37.791654,-122.43455
2959,37.7945532245,-122.406998796
2960,37.7938413061,-122.406854245
2961,37.797595,-122.4340419
2962,37.7786332,-122.38945379
2963,37.72649735,-122.477492059
2964,37.8069854,-122.4460041
2965,37.7859208,-122.4046706
2966,37.785429,-122.4040839
2967,37.7859991,-122.4044427
2968,37.7859592,-122.4048567
2969,37.7855328,-122.4040299
2970,37.761688,-122.409248
